,code,element_type,event_points,first_name,form,id,now_cost,points_per_game,second_name,selected_by_percent,status,team,team_code,total_points,transfers_in,transfers_in_event,transfers_out,transfers_out_event,value_form,value_season,web_name,minutes,goals_scored,assists,clean_sheets,goals_conceded,own_goals,penalties_saved,penalties_missed,yellow_cards,red_cards,saves,bonus,bps,influence,creativity,threat,ict_index
0,69140,2,1,Shkodran,4.3,1,51,3.2,Mustafi,0.4,a,1,3,26,14462,780,36185,523,0.8,5.1,Mustafi,620,0,2,2,9,0,0,0,0,0,0,1,144,174.2,15.4,107.0,29.8
1,98745,2,1,Hector,5.0,2,54,3.4,Bellerin,1.0,a,1,3,24,109934,3136,55091,6375,0.9,4.4,Bellerín,622,1,0,2,10,0,0,0,2,0,0,3,113,116.6,37.7,38.0,19.4
2,111457,2,1,Sead,0.3,3,52,2.1,Kolasinac,0.5,i,1,3,35,55447,35,126724,415,0.1,6.7,Kolasinac,1103,0,2,2,19,0,0,0,3,0,0,1,222,190.0,157.3,67.0,41.2
3,154043,2,0,Ainsley,0.0,4,45,2.6,Maitland-Niles,2.4,a,1,3,36,589926,200,623119,2761,0.0,8.0,Maitland-Niles,1210,0,2,3,19,0,0,0,3,1,0,3,216,261.8,155.4,37.0,44.9
4,39476,2,0,Sokratis,0.0,5,48,2.9,Papastathopoulos,1.3,a,1,3,52,144058,211,190471,1744,0.0,10.8,Sokratis,1606,2,0,3,25,0,0,0,5,0,0,5,286,431.6,31.8,106.0,57.1
5,38411,2,0,Nacho,0.0,6,50,3.3,Monreal,0.2,u,1,3,10,28152,6,88908,30,0.0,2.0,Monreal,270,0,0,1,4,0,0,0,0,0,0,1,54,47.2,40.8,12.0,10.0
6,51507,2,0,Laurent,0.0,7,50,0.0,Koscielny,0.1,u,1,3,0,620,8,12709,13,0.0,0.0,Koscielny,0,0,0,0,0,0,0,0,0,0,0,0,0,0.0,0.0,0.0,0.0
7,233963,2,0,Konstantinos,0.0,8,44,0.0,Mavropanos,0.0,n,1,3,0,1095,1,4862,15,0.0,0.0,Mavropanos,0,0,0,0,0,0,0,0,0,0,0,0,0,0.0,0.0,0.0,0.0
8,80254,2,0,Carl,0.0,9,45,0.0,Jenkinson,0.0,u,1,3,0,430,4,2599,6,0.0,0.0,Jenkinson,0,0,0,0,0,0,0,0,0,0,0,0,0,0.0,0.0,0.0,0.0
9,156074,2,0,Rob,0.0,10,45,1.0,Holding,0.1,a,1,3,2,12006,39,14696,131,0.0,0.4,Holding,85,0,0,0,3,0,0,0,0,0,0,0,13,13.4,0.4,2.0,1.6
10,54694,4,13,Pierre-Emerick,7.7,11,109,6.0,Aubameyang,19.0,a,1,3,150,2345530,140121,2835414,52060,0.7,13.8,Aubameyang,2213,17,3,6,33,0,0,0,3,1,0,29,589,734.4,347.3,973.0,205.3
11,59966,4,0,Alexandre,3.7,12,93,3.7,Lacazette,2.1,a,1,3,71,316041,2932,430813,12402,0.4,7.6,Lacazette,1280,6,4,3,18,0,0,0,5,0,0,7,245,346.0,275.2,647.0,127.0
12,205533,4,7,Edward,3.3,13,43,2.8,Nketiah,0.8,a,1,3,11,77635,10476,129008,2196,0.8,2.6,Nketiah,191,1,0,1,3,0,0,0,0,0,0,1,29,32.6,17.0,78.0,12.8
13,80201,1,2,Bernd,5.0,14,50,3.6,Leno,5.1,a,1,3,97,437143,2735,492721,7470,1.0,19.4,Leno,2430,0,0,6,36,0,1,0,2,0,98,6,527,738.6,0.0,0.0,73.7
14,37605,3,2,Mesut,4.0,15,72,2.8,Ozil,1.2,a,1,3,47,130930,3390,178484,4508,0.6,6.5,Özil,1351,1,2,4,20,0,0,0,1,0,0,1,233,204.2,564.8,162.0,93.2
15,57249,3,0,Henrikh,0.0,16,68,1.3,Mkhitaryan,0.8,n,1,3,4,22975,6,116374,61,0.0,0.6,Mkhitaryan,110,0,0,1,0,0,0,0,1,0,0,0,3,5.4,33.9,46.0,8.6
16,84450,3,2,Granit,2.0,18,51,2.1,Xhaka,0.6,a,1,3,44,41649,660,106791,618,0.4,8.6,Xhaka,1814,0,1,6,25,0,0,0,7,0,0,0,276,322.6,233.3,84.0,64.3
17,198849,3,1,Lucas,0.7,19,47,1.8,Torreira,1.2,a,1,3,44,92557,344,163303,2064,0.1,9.4,Torreira,1365,1,1,3,20,0,0,0,4,0,0,0,238,271.8,200.7,199.0,67.3
18,153256,3,0,Mohamed,0.0,20,43,0.0,Elneny,0.6,n,1,3,0,123272,106,119360,608,0.0,0.0,Elneny,0,0,0,0,0,0,0,0,0,0,0,0,0,0.0,0.0,0.0,0.0
19,242166,3,1,Matteo,1.3,21,43,2.0,Guendouzi,5.6,a,1,3,44,888661,5165,911325,8162,0.3,10.2,Guendouzi,1588,0,2,3,27,0,0,0,6,0,0,2,252,320.0,231.5,146.0,69.8
20,41270,2,4,David,6.3,106,57,3.0,Luiz Moreira Marinho,4.9,a,1,3,72,203075,4176,516847,3746,1.1,12.6,David Luiz,2095,2,1,5,32,0,0,0,4,1,0,9,385,546.6,103.2,171.0,82.3
21,98980,1,0,Emiliano,0.0,427,43,0.0,Martinez,0.2,a,1,3,0,5668,54,13909,100,0.0,0.0,Martínez,0,0,0,0,0,0,0,0,0,0,0,0,0,0.0,0.0,0.0,0.0
22,101184,2,0,Calum,0.0,467,44,3.0,Chambers,0.6,i,1,3,42,140420,4,169755,529,0.0,9.5,Chambers,1102,1,1,3,15,0,0,0,5,0,0,5,197,272.0,113.5,203.0,58.7
23,182539,3,2,Daniel,1.7,469,52,2.5,Ceballos Fernandez,3.0,a,1,3,32,999682,785,1137282,868,0.3,6.2,Ceballos,815,0,2,2,12,0,0,0,0,0,0,3,149,172.8,229.7,97.0,49.9
24,58822,2,0,Cedric,0.0,486,48,2.7,Soares,0.2,i,1,3,43,21185,6,31926,581,0.0,9.0,Cédric,1306,0,1,3,18,0,0,0,1,0,0,3,222,291.2,197.1,107.0,59.7
25,195735,3,5,Nicolas,7.3,488,92,3.7,Pepe,3.5,a,1,3,85,395032,21481,514201,15547,0.8,9.2,Pépé,1519,4,6,3,25,0,0,0,3,0,0,8,301,438.2,529.5,508.0,147.8
26,200641,3,0,Reiss,0.0,489,53,1.8,Nelson,0.1,a,1,3,18,11533,47,18042,61,0.0,3.4,Nelson,437,0,1,2,4,0,0,0,1,0,0,0,56,53.2,95.0,129.0,27.7
27,200089,3,0,Joseph,0.7,490,47,1.2,Willock,0.2,a,1,3,23,25415,80,31087,147,0.1,4.9,Willock,573,0,0,1,11,0,0,0,1,0,0,0,95,94.4,132.9,134.0,36.3
28,444145,4,0,Gabriel Teodoro,0.7,504,46,2.8,Martinelli Silva,3.4,a,1,3,39,489595,2600,334559,37254,0.2,8.5,Martinelli,656,3,1,2,9,0,0,0,1,0,0,5,129,162.8,36.6,226.0,42.5
29,192895,2,0,Kieran,0.0,515,53,1.0,Tierney,0.3,i,1,3,5,71942,10,109566,169,0.0,0.9,Tierney,296,0,0,0,6,0,0,0,1,0,0,0,51,56.0,75.1,31.0,16.3
30,223340,3,7,Bukayo,4.3,541,45,2.4,Saka,1.6,a,1,3,40,234223,43754,124196,4960,1.0,8.9,Saka,1082,0,4,3,11,0,0,0,4,0,0,2,164,209.6,174.7,147.0,53.2
31,209289,3,0,Emile,0.0,576,43,2.0,Smith Rowe,0.0,n,1,3,4,4405,394,2395,223,0.0,0.9,Smith Rowe,96,0,0,1,0,0,0,0,0,0,0,0,13,9.8,6.3,0.0,1.6
32,232233,4,0,Tyreece,0.0,585,45,0.0,John-Jules,0.0,n,1,3,0,534,19,450,18,0.0,0.0,John-Jules,0,0,0,0,0,0,0,0,0,0,0,0,0,0.0,0.0,0.0,0.0
33,92371,2,0,Pablo,0.0,617,48,0.0,Mari,0.0,a,1,3,0,4468,46,2263,532,0.0,0.0,Marí,0,0,0,0,0,0,0,0,0,0,0,0,0,0.0,0.0,0.0,0.0
34,37339,2,0,Ahmed,0.0,22,42,1.7,El Mohamady,0.9,a,2,7,19,71771,196,149812,971,0.0,4.5,El Mohamady,701,0,1,1,24,0,0,0,0,0,0,5,154,170.2,218.9,46.0,43.6
35,43252,2,0,James,0.0,23,43,0.0,Chester,0.1,n,2,7,0,1867,3,7945,47,0.0,0.0,Chester,0,0,0,0,0,0,0,0,0,0,0,0,0,0.0,0.0,0.0,0.0
36,47390,2,0,Neil,0.0,24,43,1.7,Taylor,0.2,a,2,7,17,20471,167,26811,227,0.0,4.0,Taylor,793,0,0,2,19,0,0,0,2,0,0,0,113,115.8,31.6,27.0,17.5
37,123354,2,1,Kortney,0.7,25,44,1.4,Hause,0.1,a,2,7,15,1949,32,4825,52,0.2,3.4,Hause,990,0,0,1,24,0,0,0,2,0,0,0,121,232.8,21.2,50.0,30.4
38,54764,4,0,Jonathan,0.0,26,54,0.8,Kodjia,0.1,u,2,7,5,4211,5,27663,24,0.0,0.9,Kodjia,111,0,0,0,6,0,0,0,1,0,0,0,14,3.4,12.2,24.0,3.8
39,98770,1,0,rjan,0.0,27,43,1.0,Nyland,0.2,a,2,7,3,18059,43,19192,413,0.0,0.7,Nyland,177,0,0,0,8,0,0,0,0,0,8,0,34,57.0,0.0,0.0,5.8
40,85242,3,1,Conor,0.3,28,57,3.0,Hourihane,0.1,a,2,7,51,17611,23,28279,182,0.1,8.9,Hourihane,874,3,2,2,24,0,0,0,3,0,0,6,200,243.0,252.6,186.0,68.0
41,114283,3,1,Jack,3.0,29,67,4.6,Grealish,23.4,a,2,7,116,2547575,24797,1237890,166090,0.4,17.3,Grealish,2243,7,7,4,48,0,0,1,7,0,0,15,473,685.2,908.0,627.0,221.8
42,193488,3,1,Anwar,2.3,30,55,3.2,El Ghazi,0.8,d,2,7,78,253671,159,235360,4382,0.4,14.2,El Ghazi,1646,4,5,4,38,0,0,0,3,0,0,0,235,347.6,421.2,586.0,135.5
43,122806,3,0,John,0.0,31,54,3.4,McGinn,2.7,i,2,7,61,1282937,28,1334637,1922,0.0,11.3,McGinn,1537,3,2,3,30,0,0,0,2,0,0,4,253,386.4,375.3,375.0,113.5
44,174597,3,0,Andre,0.0,32,48,0.0,Green,0.0,n,2,7,0,382,4,1432,4,0.0,0.0,Green,0,0,0,0,0,0,0,0,0,0,0,0,0,0.0,0.0,0.0,0.0
45,27770,3,0,Birkir,0.0,33,45,0.0,Bjarnason,0.0,u,2,7,0,716,2,7722,12,0.0,0.0,Bjarnason,0,0,0,0,0,0,0,0,0,0,0,0,0,0.0,0.0,0.0,0.0
46,221239,3,0,Keinan,1.3,34,43,1.4,Davis,0.2,i,2,7,10,20435,53,32943,222,0.3,2.3,Davis,106,0,1,0,1,0,0,0,0,0,0,0,29,18.8,25.9,87.0,13.0
47,40564,3,0,Henri,0.0,35,44,1.2,Lansbury,0.4,a,2,7,11,68819,22,64375,285,0.0,2.5,Lansbury,189,0,0,0,6,0,0,0,0,0,0,0,34,13.4,27.2,13.0,5.5
48,89274,3,0,Jose Ignacio,0.0,36,58,1.9,Peleteiro Romallo,0.1,a,2,7,15,13643,188,26752,132,0.0,2.6,Jota,310,0,1,2,4,0,0,0,0,0,0,0,41,42.6,56.1,51.0,14.9
49,21205,1,0,Tom,0.0,94,44,3.0,Heaton,2.6,i,2,7,59,293608,29,530717,3414,0.0,13.4,Heaton,1794,0,0,4,35,1,0,0,0,0,67,3,346,507.4,0.3,0.0,50.7
50,61603,3,0,Daniel,0.3,120,44,1.2,Drinkwater,0.6,a,2,7,6,23590,150,136430,354,0.1,1.4,Drinkwater,317,0,0,0,11,0,0,0,1,0,0,0,32,18.6,21.2,8.0,4.7
51,169359,2,1,Matt,1.0,309,44,3.2,Targett,0.9,a,2,7,60,154684,489,178143,3018,0.2,13.6,Targett,1598,1,3,3,31,0,0,0,3,0,0,10,332,399.0,376.1,119.0,89.5
52,213345,4,0,Wesley,0.0,428,55,3.2,Moraes,0.9,i,2,7,67,403200,27,434587,589,0.0,12.2,Wesley,1782,5,1,6,31,0,0,1,3,0,0,7,180,296.2,169.8,632.0,108.3
53,79852,1,0,Jed,0.0,429,43,1.0,Steer,0.1,i,2,7,1,1196,3,6692,37,0.0,0.2,Steer,7,0,0,0,0,0,0,0,0,0,0,0,3,0.0,0.0,0.0,0.0
54,149484,2,1,Tyrone,0.3,445,45,2.5,Mings,2.6,a,2,7,56,493879,686,470600,3652,0.1,12.4,Mings,1912,2,1,3,38,0,0,0,5,0,0,5,362,564.4,73.1,108.0,74.6
55,199798,2,0,Ezri,0.3,452,43,2.0,Konsa Ngoyo,0.1,a,2,7,30,6582,32,7354,153,0.1,7.0,Konsa,1198,0,2,2,29,0,0,0,1,0,0,1,198,259.4,58.5,113.0,43.3
56,108156,2,0,Bjorn,2.7,455,44,2.6,Engels,0.4,a,2,7,42,97417,166,88775,581,0.6,9.5,Engels,1356,1,0,3,28,0,0,0,1,0,0,4,242,318.4,31.9,81.0,43.4
57,203368,2,0,Frederic,0.3,458,44,2.2,Guilbert,0.5,a,2,7,48,97923,59,102756,1032,0.1,10.9,Guilbert,1808,0,2,4,32,0,0,0,7,0,0,2,289,410.4,224.8,48.0,68.5
58,148508,3,2,Mahmoud Ahmed,1.3,465,52,2.4,Ibrahim Hassan,1.1,a,2,7,58,150471,436,284280,1742,0.2,11.2,Trézéguet,1315,3,2,3,23,0,0,0,2,1,0,2,170,275.8,261.1,589.0,112.4
59,230046,3,2,Douglas Luiz,1.7,470,44,2.8,Soares de Paulo,3.9,a,2,7,69,730151,4958,535722,13665,0.4,15.7,Douglas Luiz,1621,3,2,5,36,0,0,0,4,0,0,5,288,372.0,198.0,338.0,90.9
60,88175,1,0,Lovre,0.0,474,43,0.0,Kalinic,0.1,n,2,7,0,1737,1,5194,44,0.0,0.0,Kalinic,0,0,0,0,0,0,0,0,0,0,0,0,0,0.0,0.0,0.0,0.0
61,184704,3,2,Marvelous,1.3,491,44,1.6,Nakamba,0.7,a,2,7,33,125259,137,103657,743,0.3,7.5,Nakamba,1536,0,0,1,31,0,0,0,4,0,0,0,233,266.2,155.4,24.0,44.5
62,223349,3,0,Indiana,0.0,600,45,1.0,Vassilev,0.0,a,2,7,2,459,23,222,34,0.0,0.4,Vassilev,36,0,0,0,0,0,0,0,0,0,0,0,3,1.2,1.3,4.0,0.7
63,8432,1,2,Jose,4.7,603,45,3.6,Reina,0.5,a,2,7,18,47559,2549,12642,2633,1.0,4.0,Reina,450,0,0,0,9,0,1,0,1,0,20,2,100,176.2,10.0,0.0,18.6
64,217487,4,2,Mbwana,4.0,613,60,4.0,Samatta,0.3,a,2,7,12,29960,832,11240,4573,0.7,2.0,Samatta,262,1,0,0,6,0,0,0,0,0,0,2,40,47.0,49.8,156.0,25.3
65,83091,4,1,Borja,1.0,623,55,1.0,Gonzalez Tomas,0.0,a,2,7,2,282,36,90,42,0.2,0.4,Bastón,16,0,0,0,2,0,0,0,0,0,0,0,5,0.2,1.7,2.0,0.4
66,56917,2,0,Steve,0.0,58,50,2.2,Cook,0.2,a,3,91,44,40714,108,47228,213,0.0,8.8,Steve Cook,1740,1,0,3,34,0,0,0,4,1,0,5,293,453.6,38.1,110.0,60.4
67,126184,2,0,Nathan,3.3,59,48,3.1,Ake,6.6,a,3,91,65,556351,2125,1294866,7577,0.7,13.5,Aké,1834,2,1,3,29,0,0,0,1,0,0,6,375,489.8,68.2,257.0,81.5
68,41320,2,0,Charlie,0.0,60,42,1.5,Daniels,0.1,i,3,91,3,3276,7,17105,22,0.0,0.7,Daniels,126,0,0,0,2,0,0,0,0,0,0,0,18,22.4,29.6,0.0,5.2
69,223911,2,0,Chris,0.0,61,43,2.4,Mepham,0.6,i,3,91,26,94641,7,121218,432,0.0,6.0,Mepham,901,1,0,1,19,0,0,0,1,0,0,2,161,268.6,16.5,136.0,42.2
70,15149,2,0,Simon,0.7,62,44,1.1,Francis,0.0,a,3,91,16,4699,42,3895,82,0.2,3.6,Francis,964,0,0,1,21,0,0,0,3,1,0,1,161,263.8,64.4,72.0,40.2
71,54469,2,0,Adam,1.0,63,43,2.4,Smith,0.4,a,3,91,38,61412,100,134406,292,0.2,8.8,Adam Smith,1377,0,1,3,23,0,0,0,5,0,0,3,221,222.0,124.9,93.0,43.9
72,235530,2,0,Lloyd,0.0,64,44,0.0,Kelly,0.0,i,3,91,0,4930,6,9129,44,0.0,0.0,Kelly,0,0,0,0,0,0,0,0,0,0,0,0,0,0.0,0.0,0.0,0.0
73,171129,2,0,Diego,1.0,65,43,2.9,Rico,10.6,a,3,91,61,1333371,1980,974297,26934,0.2,14.2,Rico,1793,0,3,5,27,0,0,0,6,0,0,5,335,431.4,402.8,73.0,91.1
74,222434,2,0,Jack,0.0,66,40,1.0,Simpson,7.0,a,3,91,3,398470,1163,451029,6917,0.0,0.8,Simpson,167,0,0,0,4,0,0,0,0,0,0,0,25,28.2,12.6,18.0,5.8
75,75115,4,2,Callum,3.7,67,74,3.4,Wilson,4.8,a,3,91,89,863610,2364,1702952,7532,0.5,12.0,Callum Wilson,2166,7,3,3,42,0,0,0,6,0,0,8,265,326.6,336.2,606.0,126.1
76,78007,4,2,Joshua,1.0,68,61,3.4,King,3.3,a,3,91,61,624564,1090,1668061,904,0.2,10.0,King,1394,3,3,3,21,0,0,0,0,0,0,6,191,275.8,291.6,359.0,92.7
77,154566,4,1,Dominic,0.7,69,52,1.7,Solanke,0.3,a,3,91,40,31652,100,50772,365,0.1,7.7,Solanke,1154,0,2,1,25,0,0,0,1,0,0,0,75,106.6,160.4,389.0,65.6
78,217331,4,0,Sam,0.0,71,43,1.0,Surridge,0.6,a,3,91,1,59638,770,85072,864,0.0,0.2,Surridge,15,0,0,0,1,0,0,0,0,0,0,0,3,0.2,0.3,2.0,0.3
79,40349,1,0,Asmir,0.0,72,42,0.0,Begovic,0.7,n,3,91,0,12390,10,154959,245,0.0,0.0,Begovic,0,0,0,0,0,0,0,0,0,0,0,0,0,0.0,0.0,0.0,0.0
80,18726,1,0,Artur,0.0,73,43,0.0,Boruc,0.2,a,3,91,0,7535,64,20595,103,0.0,0.0,Boruc,0,0,0,0,0,0,0,0,0,0,0,0,0,0.0,0.0,0.0,0.0
81,229600,1,0,Mark,0.0,74,42,1.0,Travers,0.2,a,3,91,1,5142,44,13419,140,0.0,0.2,Travers,90,0,0,0,3,0,0,0,0,0,2,0,9,15.2,0.0,0.0,1.5
82,90105,3,1,Ryan,2.7,75,68,2.5,Fraser,2.7,a,3,91,66,146659,464,1125716,1691,0.4,9.7,Fraser,1881,1,4,4,30,0,0,0,2,0,0,2,277,317.0,567.0,400.0,128.1
83,111317,3,0,David,0.0,76,62,0.0,Brooks,0.1,i,3,91,0,819,6,18783,22,0.0,0.0,Brooks,0,0,0,0,0,0,0,0,0,0,0,0,0,0.0,0.0,0.0,0.0
84,56872,3,1,Junior,0.7,77,59,1.2,Stanislas,0.0,a,3,91,5,943,33,1058,20,0.1,0.8,Stanislas,132,0,0,0,4,0,0,0,0,0,0,0,20,17.6,36.1,27.0,8.1
85,103912,3,0,Jordon,0.0,78,46,1.0,Ibe,0.1,a,3,91,2,7130,74,23477,72,0.0,0.4,Ibe,48,0,0,0,1,0,0,0,0,0,0,0,10,6.8,5.4,0.0,1.2
86,155408,3,0,Lewis,0.0,79,50,1.6,Cook,0.0,a,3,91,28,6160,62,5230,92,0.0,5.6,Lewis Cook,830,0,1,2,16,0,0,0,3,0,0,0,125,123.8,103.5,44.0,27.0
87,15237,3,2,Andrew,1.0,80,47,1.2,Surman,0.0,a,3,91,6,1393,33,4197,23,0.2,1.3,Surman,234,0,0,0,6,0,0,0,1,0,0,0,28,23.6,25.5,8.0,5.6
88,40387,3,2,Dan,3.0,81,49,2.6,Gosling,0.1,a,3,91,37,13291,195,9740,280,0.6,7.6,Gosling,859,2,1,1,15,0,0,0,1,0,0,1,120,222.6,71.7,182.0,47.5
89,152551,3,0,Jefferson,-0.7,82,48,1.6,Lerma,0.1,d,3,91,36,11295,7,20396,158,-0.1,7.5,Lerma,1773,0,1,3,29,0,0,0,9,1,0,2,233,260.0,127.1,62.0,44.6
90,154131,2,1,Jack,0.3,446,43,2.4,Stacey,0.1,a,3,91,24,7238,16,13102,34,0.1,5.6,Stacey,886,0,1,1,15,0,0,0,2,0,0,3,146,187.6,74.0,66.0,32.8
91,168991,3,2,Philip,4.7,476,50,2.2,Billing,0.2,a,3,91,56,23997,1978,22841,764,0.9,11.2,Billing,1982,1,1,5,32,0,0,0,7,0,0,5,286,472.8,164.9,266.0,90.5
92,220307,3,0,Arnaut,0.0,492,58,2.0,Danjuma Groeneveld,0.0,i,3,91,18,1069,8,4865,9,0.0,3.1,Danjuma,405,0,1,2,6,0,0,0,0,0,0,0,55,45.4,39.8,120.0,20.5
93,225321,1,3,Aaron,2.7,494,46,3.5,Ramsdale,3.8,a,3,91,92,653525,2056,419654,7811,0.6,20.0,Ramsdale,2340,0,1,4,40,0,0,0,0,0,93,10,485,690.4,10.0,0.0,70.1
94,153682,3,2,Harry,3.0,505,58,3.7,Wilson,2.2,a,3,91,84,627378,2651,578760,5361,0.5,14.5,Harry Wilson,1432,7,1,2,28,0,0,0,1,0,0,7,280,360.2,228.4,543.0,113.1
95,461017,3,0,Christian,0.0,564,45,0.0,Saydee,0.0,a,3,91,0,630,22,466,20,0.0,0.0,Saydee,0,0,0,0,0,0,0,0,0,0,0,0,0,0.0,0.0,0.0,0.0
96,444183,3,0,Gavin,0.0,565,45,0.0,Kilkenny,0.0,a,3,91,0,405,6,314,17,0.0,0.0,Kilkenny,0,0,0,0,0,0,0,0,0,0,0,0,0,0.0,0.0,0.0,0.0
97,207300,3,0,Mihai-Alexandru,0.0,574,45,0.0,Dobre,0.0,n,3,91,0,380,3,302,12,0.0,0.0,Dobre,0,0,0,0,0,0,0,0,0,0,0,0,0,0.0,0.0,0.0,0.0
98,61933,2,3,Shane,1.7,37,48,2.4,Duffy,0.9,a,4,36,36,50356,351,174751,326,0.4,7.5,Duffy,1071,1,0,2,15,0,0,0,1,0,0,1,187,254.0,29.4,96.0,37.9
99,86153,2,0,Martin,0.3,38,44,2.6,Montoya,0.6,a,4,36,54,96224,203,104914,1509,0.1,12.3,Montoya,1536,0,1,5,24,0,0,0,3,0,0,3,263,288.8,266.1,169.0,72.6
100,209362,2,1,Bernardo,0.7,39,43,1.8,Fernandes da Silva Junior,0.1,a,4,36,18,7551,56,11842,223,0.2,4.2,Bernardo,541,0,0,1,12,0,0,0,1,0,0,3,102,122.6,58.6,82.0,26.4
101,52484,2,0,Leon,0.0,40,44,0.0,Balogun,0.1,n,4,36,0,1283,4,5015,38,0.0,0.0,Balogun,0,0,0,0,0,0,0,0,0,0,0,0,0,0.0,0.0,0.0,0.0
102,42748,2,0,Gaetan,0.0,41,42,0.8,Bong,0.1,u,4,36,3,2343,7,8135,87,0.0,0.7,Bong,57,0,0,0,3,0,0,0,0,0,0,0,15,16.0,27.9,6.0,5.0
103,83299,2,2,Lewis,1.7,42,48,3.3,Dunk,13.3,a,4,36,83,1393541,11237,1009061,19206,0.4,17.3,Dunk,2250,2,3,5,35,0,0,0,8,0,0,11,469,577.8,136.2,291.0,100.5
104,178173,2,0,Matthew,0.0,43,44,0.0,Clarke,0.0,n,4,36,0,414,1,1297,5,0.0,0.0,Clarke,0,0,0,0,0,0,0,0,0,0,0,0,0,0.0,0.0,0.0,0.0
105,20529,4,2,Glenn,3.3,44,54,1.6,Murray,0.7,a,4,36,28,51443,671,222637,632,0.6,5.2,Murray,677,1,0,2,9,0,0,0,0,0,0,0,51,57.4,44.9,178.0,27.7
106,106757,4,0,Jurgen,0.0,45,52,1.5,Locadia,0.1,n,4,36,3,6735,7,23711,26,0.0,0.6,Locadia,85,0,0,1,1,0,0,0,0,0,0,0,5,3.2,1.3,30.0,3.3
107,93284,4,0,Florin,0.0,46,47,1.7,Andone,0.4,n,4,36,5,159775,7,196512,76,0.0,1.1,Andone,71,1,0,0,2,0,0,0,0,1,0,1,20,45.0,11.3,21.0,7.6
108,131897,1,2,Mathew,2.0,47,48,3.4,Ryan,15.0,a,4,36,93,1128211,3187,925828,18736,0.4,19.4,Ryan,2430,0,0,5,39,0,0,0,0,0,89,11,539,758.4,0.0,0.0,75.8
109,50093,1,0,David,0.0,48,39,0.0,Button,20.8,a,4,36,0,621110,11545,802716,17098,0.0,0.0,Button,0,0,0,0,0,0,0,0,0,0,0,0,0,0.0,0.0,0.0,0.0
110,60307,3,0,Pascal,3.7,49,63,3.0,Gro,0.5,a,4,36,69,111003,904,132574,1197,0.6,11.0,Groß,1485,2,5,3,25,1,0,0,2,0,0,7,298,339.6,804.0,305.0,144.5
111,165210,3,0,Alireza,1.3,50,58,4.0,Jahanbakhsh,0.1,a,4,36,24,12228,60,13629,327,0.2,4.1,Jahanbakhsh,264,2,1,1,3,0,0,0,0,0,0,2,75,86.2,58.9,85.0,23.1
112,167473,3,0,Jose Heriberto,0.0,51,54,0.0,Izquierdo Mena,0.0,i,4,36,0,182,3,267,3,0.0,0.0,Izquierdo,0,0,0,0,0,0,0,0,0,0,0,0,0,0.0,0.0,0.0,0.0
113,83543,3,0,Anthony,0.0,52,54,0.0,Knockaert,0.0,n,4,36,0,282,3,930,4,0.0,0.0,Knockaert,0,0,0,0,0,0,0,0,0,0,0,0,0,0.0,0.0,0.0,0.0
114,227127,3,1,Yves,0.3,53,50,1.3,Bissouma,0.0,a,4,36,14,1200,32,1286,18,0.1,2.8,Bissouma,492,0,0,1,6,0,0,0,2,0,0,0,72,79.4,63.5,72.0,21.3
115,66242,3,1,Davy,3.3,54,48,2.5,Propper,0.4,a,4,36,59,90338,821,92593,509,0.7,12.3,Pröpper,2160,1,2,4,35,1,0,0,4,0,0,2,352,415.4,332.1,234.0,98.0
116,109345,3,0,Solomon,0.7,55,46,2.2,March,0.2,a,4,36,24,34573,130,57835,180,0.2,5.2,March,736,0,1,2,12,0,0,0,2,0,0,3,99,139.8,172.8,177.0,49.0
117,38490,3,0,Beram,0.0,56,43,0.0,Kayal,0.2,d,4,36,0,34088,39,30812,244,0.0,0.0,Kayal,0,0,0,0,0,0,0,0,0,0,0,0,0,0.0,0.0,0.0,0.0
118,40845,3,0,Dale,0.3,57,44,2.0,Stephens,1.7,d,4,36,47,185995,47,271427,3717,0.1,10.7,Stephens,1939,0,1,4,33,0,0,0,6,0,0,1,319,355.4,226.5,86.0,66.8
119,116216,3,1,Leandro,1.7,421,58,3.3,Trossard,0.5,a,4,36,70,119751,650,134461,2333,0.3,12.1,Trossard,1267,3,5,1,23,0,0,0,0,0,0,6,258,301.4,436.5,358.0,109.3
120,78916,2,2,Dan,1.0,475,45,2.2,Burn,0.2,a,4,36,50,34333,293,34265,133,0.2,11.1,Burn,1967,0,0,5,31,0,0,0,3,0,0,0,329,417.4,249.2,98.0,76.4
121,110735,2,7,Adam,2.7,493,44,2.9,Webster,0.7,a,4,36,61,98923,2628,64239,808,0.6,13.9,Webster,1835,3,1,2,32,1,0,0,3,0,0,7,354,486.4,126.4,198.0,81.3
122,115382,4,9,Neal,3.3,502,58,3.7,Maupay,1.9,a,4,36,97,499337,11828,407778,3727,0.6,16.7,Maupay,1929,8,2,5,27,0,0,0,3,0,0,15,272,389.0,247.3,1168.0,180.2
123,74471,3,2,Aaron,2.0,516,48,3.0,Mooy,0.8,a,4,36,59,103281,1596,69180,2656,0.4,12.3,Mooy,1473,2,1,3,25,0,0,0,0,1,0,9,239,317.4,441.2,234.0,99.2
124,233425,4,1,Aaron,0.3,534,43,2.4,Connolly,1.2,a,4,36,41,405583,2099,335452,3944,0.1,9.5,Connolly,827,2,2,3,13,0,0,0,0,0,0,3,90,91.0,62.9,347.0,49.2
125,213056,2,0,Tudor,0.0,536,40,0.0,Baluta,0.2,n,4,36,0,25562,28,20179,253,0.0,0.0,Baluta,0,0,0,0,0,0,0,0,0,0,0,0,0,0.0,0.0,0.0,0.0
126,235382,3,0,Steven,0.3,537,45,1.8,Alzate,0.1,a,4,36,32,18350,188,12013,309,0.1,7.1,Alzate,1173,0,0,3,18,0,0,0,1,0,0,0,175,193.8,212.7,201.0,60.9
127,74375,2,2,Ezequiel,1.3,546,40,1.1,Schelotto,0.6,a,4,36,8,68211,3038,37830,1013,0.3,2.0,Schelotto,287,0,0,0,6,0,0,0,1,0,0,0,33,30.8,7.9,48.0,8.5
128,232792,2,0,Tariq,0.0,586,40,1.0,Lamptey,0.1,a,4,36,1,11012,258,4879,396,0.0,0.2,Lamptey,31,0,0,0,0,0,0,0,0,0,0,0,8,0.0,0.0,0.0,0.0
129,243016,3,0,Alexis,0.0,627,55,0.0,Mac Allister,0.0,a,4,36,0,515,105,37,28,0.0,0.0,Mac Allister,0,0,0,0,0,0,0,0,0,0,0,0,0,0.0,0.0,0.0,0.0
130,51927,2,5,Ben,4.0,83,50,3.0,Mee,1.2,a,5,90,80,98730,3992,82290,1488,0.8,16.0,Mee,2430,0,2,10,39,0,0,0,6,0,0,1,448,538.4,94.5,296.0,93.1
131,17761,2,6,James,4.3,84,51,3.5,Tarkowski,3.7,a,5,90,94,471683,14103,345819,3617,0.8,18.4,Tarkowski,2430,1,2,10,39,0,0,0,6,0,0,9,470,611.8,89.7,288.0,99.0
132,68983,2,0,Matthew,2.0,85,42,2.7,Lowton,0.4,i,5,90,41,109394,20,109462,1882,0.5,9.8,Lowton,1350,0,1,5,26,0,0,0,2,0,0,0,236,264.8,178.1,15.0,45.9
133,17997,2,10,Phil,4.0,86,43,3.4,Bardsley,0.2,a,5,90,41,20756,3019,19795,327,0.9,9.5,Bardsley,1080,0,1,5,13,0,0,0,3,0,0,2,198,194.8,87.2,48.0,33.0
134,103914,2,6,Charlie,5.0,87,42,3.2,Taylor,1.8,a,5,90,48,156775,24217,127438,2147,1.2,11.4,Taylor,1195,0,0,6,10,0,0,0,2,0,0,2,227,208.0,175.9,17.0,40.3
135,41674,2,0,Kevin,0.0,88,43,1.0,Long,0.1,a,5,90,1,4114,62,9155,67,0.0,0.2,Long,2,0,0,0,0,0,0,0,0,0,0,0,2,0.0,0.1,0.0,0.0
136,83312,2,0,Ben,0.0,89,39,0.0,Gibson,2.6,i,5,90,0,152755,1321,195768,3529,0.0,0.0,Gibson,0,0,0,0,0,0,0,0,0,0,0,0,0,0.0,0.0,0.0,0.0
137,44699,4,0,Ashley,0.0,90,61,3.2,Barnes,2.2,i,5,90,61,1127963,41,1176121,1068,0.0,10.0,Barnes,1350,6,0,8,21,0,0,0,4,0,0,6,161,226.2,85.1,474.0,75.9
138,60689,4,0,Chris,1.0,91,62,4.1,Wood,1.3,d,5,90,99,331419,431,351284,15092,0.2,16.0,Wood,1939,10,1,10,27,1,0,0,1,0,0,13,273,410.4,221.8,787.0,140.8
139,81183,4,6,Matej,5.0,92,53,3.0,Vydra,0.2,a,5,90,24,16567,8421,9048,1424,0.9,4.5,Vydra,249,2,1,2,1,0,0,0,0,0,0,3,79,102.2,30.3,130.0,26.3
140,98747,1,9,Nick,5.7,93,48,4.3,Pope,16.9,a,5,90,116,1488802,61624,780352,4212,1.2,24.7,Pope,2430,0,0,10,39,0,1,0,0,0,84,14,558,639.6,30.3,2.0,67.1
141,15749,1,0,Joe,0.0,95,42,0.0,Hart,1.1,a,5,90,0,23847,242,95235,411,0.0,0.0,Hart,0,0,0,0,0,0,0,0,0,0,0,0,0,0.0,0.0,0.0,0.0
142,60586,3,0,Johann Berg,0.0,96,59,2.9,Gudmundsson,0.4,a,5,90,20,79797,51,116129,52,0.0,3.4,Gudmundsson,398,1,0,3,4,0,0,0,0,0,0,1,66,83.2,156.8,92.0,33.1
143,433154,3,14,Dwight,6.3,97,60,3.4,McNeil,0.9,a,5,90,92,158744,25976,137815,2294,1.0,15.3,McNeil,2349,2,6,11,37,0,0,0,4,0,0,4,388,471.0,657.2,280.0,140.8
144,90517,3,1,Robbie,0.3,98,55,2.1,Brady,0.0,a,5,90,29,3805,47,4352,53,0.1,5.3,Brady,395,1,2,1,10,0,0,0,1,0,0,0,104,105.6,87.2,86.0,27.9
145,39847,3,0,Steven,0.0,99,55,0.0,Defour,0.0,u,5,90,0,286,14,401,5,0.0,0.0,Defour,0,0,0,0,0,0,0,0,0,0,0,0,0,0.0,0.0,0.0,0.0
146,83314,3,2,Jeff,3.0,100,54,2.9,Hendrick,0.1,a,5,90,63,14338,312,15414,172,0.6,11.7,Hendrick,1752,2,2,9,29,0,0,0,7,0,0,4,183,248.4,178.4,260.0,68.6
147,60551,3,3,Ashley,5.0,101,54,3.6,Westwood,0.9,a,5,90,87,82988,9085,77607,3583,0.9,16.1,Westwood,2160,2,6,10,28,0,0,0,8,0,0,9,392,431.8,543.7,118.0,109.4
148,40145,3,3,Jack,2.7,102,49,2.3,Cork,0.2,a,5,90,58,12756,269,22479,124,0.6,11.8,Cork,2185,0,0,9,35,0,0,0,0,0,0,0,257,259.4,188.3,276.0,72.4
149,17349,3,0,Aaron,0.0,430,46,0.9,Lennon,0.1,a,5,90,14,5137,65,10718,67,0.0,3.0,Lennon,484,0,0,0,15,0,0,0,4,0,0,0,48,44.0,37.8,12.0,9.5
150,39487,2,0,Erik,0.0,447,42,2.8,Pieters,4.1,a,5,90,42,1007796,610,901282,3956,0.0,10.0,Pieters,1233,0,3,3,29,0,0,0,1,0,0,7,226,238.6,152.7,23.0,41.1
151,44683,4,6,Jay,3.3,451,57,2.2,Rodriguez,0.4,a,5,90,58,32057,3244,39600,1060,0.6,10.2,Rodriguez,1219,5,0,3,25,0,0,0,1,0,0,3,170,257.2,71.6,394.0,71.3
152,220037,1,0,Bailey,0.0,495,43,0.0,Peacock-Farrell,0.1,a,5,90,0,1541,18,3592,32,0.0,0.0,Peacock-Farrell,0,0,0,0,0,0,0,0,0,0,0,0,0,0.0,0.0,0.0,0.0
153,195064,3,0,Mace,0.0,571,45,0.0,Goodridge,0.0,a,5,90,0,425,40,309,25,0.0,0.0,Goodridge,0,0,0,0,0,0,0,0,0,0,0,0,0,0.0,0.0,0.0,0.0
154,195471,2,0,Anthony,0.0,572,39,0.0,Driscoll-Glennon,0.0,n,5,90,0,1710,213,1521,61,0.0,0.0,Driscoll-Glennon,0,0,0,0,0,0,0,0,0,0,0,0,0,0.0,0.0,0.0,0.0
155,432793,2,0,Abd-Al-Ali Morakinyo Olaposi,0.0,596,40,0.0,Koiki,0.0,a,5,90,0,966,122,392,90,0.0,0.0,Koiki,0,0,0,0,0,0,0,0,0,0,0,0,0,0.0,0.0,0.0,0.0
156,172782,3,1,Josh,0.3,620,49,1.0,Brownhill,0.0,a,5,90,1,406,15,138,27,0.1,0.2,Brownhill,1,0,0,0,0,0,0,0,0,0,0,0,3,2.0,0.0,0.0,0.2
157,82263,2,8,Marcos,2.7,103,60,6.1,Alonso,2.3,a,6,8,55,273375,11499,472838,1033,0.4,9.2,Alonso,678,2,3,4,5,0,0,0,3,0,0,5,202,225.2,174.2,128.0,52.6
158,102380,2,0,Antonio,5.3,104,60,3.1,Rudiger,0.7,a,6,8,37,51537,4219,30086,3477,0.9,6.2,Rüdiger,1035,2,0,2,13,1,0,0,3,0,0,3,202,259.8,45.1,175.0,48.0
159,41328,2,2,Cesar,1.3,105,58,3.2,Azpilicueta,6.1,a,6,8,81,352261,11263,503035,6352,0.2,14.0,Azpilicueta,2239,2,3,4,36,0,0,0,0,0,0,7,449,613.6,439.1,333.0,138.8
160,109533,2,0,Emerson,0.0,107,54,1.3,Palmieri dos Santos,0.7,a,6,8,18,178500,157,230247,359,0.0,3.3,Emerson,1020,0,0,1,21,0,0,0,3,0,0,0,179,207.6,298.4,225.0,73.1
161,135363,2,1,Andreas,1.0,108,49,1.6,Christensen,0.6,a,6,8,22,64021,928,103331,217,0.2,4.5,Christensen,1166,0,0,2,22,0,0,0,4,0,0,0,204,224.2,36.1,51.0,31.2
162,105700,2,0,Davide,0.0,109,43,0.0,Zappacosta,0.2,n,6,8,0,3320,7,27886,27,0.0,0.0,Zappacosta,0,0,0,0,0,0,0,0,0,0,0,0,0,0.0,0.0,0.0,0.0
163,44346,4,9,Olivier,3.3,110,65,2.4,Giroud,1.2,a,6,8,17,75253,11344,178056,954,0.5,2.6,Giroud,282,1,0,2,5,0,0,0,0,0,0,3,47,57.2,74.3,135.0,26.6
164,109745,1,0,Kepa,0.0,111,55,2.6,Arrizabalaga,4.3,a,6,8,63,341376,816,446556,6978,0.0,11.5,Kepa,2160,0,0,5,32,0,0,0,0,0,41,0,363,375.0,0.0,0.0,37.5
165,20310,1,3,Willy,1.7,112,48,1.7,Caballero,0.3,a,6,8,5,6878,2472,12218,234,0.4,1.0,Caballero,270,0,0,0,5,0,0,0,0,0,6,0,37,52.2,0.0,0.0,5.2
166,47431,3,1,Willian,1.0,113,70,3.8,Borges Da Silva,4.1,a,6,8,99,905601,8395,735398,20150,0.1,14.1,Willian,1827,4,5,7,21,0,0,0,3,0,0,14,434,496.2,738.1,627.0,186.2
167,49579,3,0,Pedro,1.0,114,68,1.9,Rodriguez Ledesma,1.1,a,6,8,13,124997,76,268458,502,0.1,1.9,Pedro,473,0,0,1,10,0,0,0,1,0,0,0,57,79.0,160.9,212.0,45.3
168,126187,3,0,Ruben,0.0,115,63,0.0,Loftus-Cheek,0.1,a,6,8,0,2395,697,5521,92,0.0,0.0,Loftus-Cheek,0,0,0,0,0,0,0,0,0,0,0,0,0,0.0,0.0,0.0,0.0
169,209046,3,0,Callum,0.7,116,53,2.6,Hudson-Odoi,0.6,d,6,8,45,332243,84,310155,5503,0.1,8.5,Hudson-Odoi,768,1,4,2,12,0,0,0,1,0,0,3,172,204.8,310.5,323.0,83.6
170,88894,3,9,Ross,3.3,117,56,2.2,Barkley,1.3,a,6,8,24,78747,4813,458235,589,0.6,4.3,Barkley,554,0,2,3,7,0,0,0,0,0,0,0,75,109.4,184.7,223.0,51.8
171,85955,3,2,Jorge Luiz,1.7,118,49,3.2,Frello Filho,4.6,a,6,8,80,633878,15560,605592,9129,0.3,16.3,Jorginho,1946,4,3,4,30,0,0,0,9,0,0,9,461,528.6,368.4,156.0,105.7
172,116594,3,0,N'Golo,1.0,119,50,2.7,Kante,3.8,i,6,8,49,410148,165,676364,9142,0.2,9.8,Kanté,1383,3,0,2,20,0,0,0,3,0,0,2,242,368.0,369.3,201.0,94.0
173,199598,3,0,Ethan,0.0,121,44,0.0,Ampadu,0.0,n,6,8,0,1542,71,2394,27,0.0,0.0,Ampadu,0,0,0,0,0,0,0,0,0,0,0,0,0,0.0,0.0,0.0,0.0
174,176413,3,0,Christian,0.0,431,69,4.4,Pulisic,3.5,i,6,8,70,1405819,56,1804695,3379,0.0,10.1,Pulisic,1069,5,3,3,19,0,0,0,0,0,0,5,217,335.6,271.9,719.0,132.7
175,91651,3,4,Mateo,2.0,432,53,2.3,Kovacic,1.0,a,6,8,56,123296,2420,150463,709,0.4,10.6,Kovacic,1588,1,3,2,27,0,0,0,7,0,0,6,374,399.0,370.0,168.0,93.5
176,103192,2,0,Kurt,0.0,459,47,1.8,Zouma,1.5,a,6,8,37,150588,521,268746,1702,0.0,7.9,Zouma,1713,0,0,3,27,1,0,0,4,0,0,1,288,385.6,30.6,133.0,54.5
177,173879,4,1,Tammy,1.0,460,76,5.2,Abraham,20.3,a,6,8,131,5390902,34125,4395669,48865,0.1,17.2,Abraham,1930,13,5,7,27,1,0,0,2,0,0,20,396,581.2,265.7,1077.0,191.5
178,94245,4,0,Michy,0.7,461,66,1.8,Batshuayi,0.5,a,6,8,27,94910,237,131319,629,0.1,4.1,Batshuayi,206,1,2,0,8,0,0,0,0,0,0,1,57,61.8,42.6,181.0,27.9
179,167767,3,0,Robert Kenedy,0.0,462,52,0.0,Nunes do Nascimento,0.0,n,6,8,0,895,8,4577,14,0.0,0.0,Kenedy,0,0,0,0,0,0,0,0,0,0,0,0,0,0.0,0.0,0.0,0.0
180,184341,3,2,Mason,4.7,463,61,3.8,Mount,15.4,a,6,8,103,3874952,58613,3064396,22264,0.8,16.9,Mount,2147,5,5,7,31,0,0,0,3,0,0,8,374,475.8,634.7,786.0,189.8
181,225796,2,2,Reece,1.3,506,50,2.9,James,0.9,a,6,8,43,111885,9957,63082,1335,0.3,8.6,James,945,0,2,3,12,0,0,0,1,0,0,5,235,208.6,221.2,117.0,54.8
182,194794,2,0,Fikayo,0.0,529,44,3.4,Tomori,1.9,a,6,8,47,813184,656,723807,4597,0.0,10.7,Tomori,1228,1,0,4,16,0,0,0,3,0,0,7,255,318.2,65.4,77.0,46.3
183,243568,3,0,Billy,0.0,533,45,1.0,Gilmour,0.0,a,6,8,2,2839,33,2467,34,0.0,0.4,Gilmour,9,0,0,0,1,0,0,0,0,0,0,0,5,2.8,12.6,0.0,1.5
184,209036,2,0,Addji Keaninkin Marc-Israel,0.0,545,40,0.0,Guehi,0.1,n,6,8,0,6672,15,6651,64,0.0,0.0,Guehi,0,0,0,0,0,0,0,0,0,0,0,0,0,0.0,0.0,0.0,0.0
185,74230,2,15,Patrick,6.0,123,55,3.6,van Aanholt,4.8,a,7,31,73,816162,28996,998283,2575,1.1,13.3,van Aanholt,1712,3,0,5,24,1,0,0,0,0,0,6,350,347.2,341.3,184.0,87.3
186,49413,2,0,James,0.7,124,50,2.7,Tomkins,0.4,i,7,31,48,87380,6,68243,4498,0.1,9.6,Tomkins,1582,1,1,3,23,0,0,0,5,0,0,4,260,384.0,27.7,121.0,53.3
187,40784,2,0,Mamadou,0.0,125,50,0.9,Sakho,0.1,i,7,31,7,4653,4,8800,25,0.0,1.4,Sakho,465,0,0,0,8,0,0,0,0,1,0,0,69,86.0,13.2,6.0,10.6
188,55494,2,8,Joel,3.3,126,43,2.8,Ward,1.2,a,7,31,50,290678,5720,274045,749,0.8,11.6,Ward,1390,0,1,4,18,0,0,0,3,0,0,7,243,253.2,84.9,32.0,37.0
189,19188,2,7,Scott,2.7,127,43,3.3,Dann,0.2,a,7,31,23,10778,309,21053,55,0.6,5.3,Dann,454,0,1,2,3,0,0,0,0,0,0,1,103,111.2,21.2,90.0,22.2
190,58786,2,0,Martin,0.0,128,42,3.4,Kelly,21.4,a,7,31,64,1850167,7805,1899004,36393,0.0,15.2,Kelly,1547,0,1,6,16,0,0,0,0,0,0,4,288,305.4,96.5,15.0,41.7
191,54861,4,2,Christian,3.7,129,57,1.6,Benteke,0.5,a,7,31,28,36533,800,78341,722,0.6,4.9,Benteke,740,1,0,2,11,0,0,0,2,0,0,1,87,140.2,150.1,389.0,67.8
192,59125,4,0,Connor,0.0,130,44,2.5,Wickham,2.0,n,7,31,15,268938,223,484028,1381,0.0,3.4,Wickham,90,1,1,0,2,0,0,0,0,0,0,2,48,59.8,34.5,64.0,15.8
193,40836,1,6,Vicente,3.0,131,51,3.8,Guaita,2.0,a,7,31,95,333772,2330,245923,2599,0.6,18.6,Guaita,2250,0,0,7,28,1,0,0,1,0,77,10,454,587.8,0.0,0.0,58.7
194,20066,1,0,Wayne,0.0,132,42,3.0,Hennessey,0.6,a,7,31,6,18431,212,52608,351,0.0,1.4,Hennessey,180,0,0,0,4,0,0,0,0,0,13,0,42,87.4,0.0,0.0,8.7
195,82403,3,3,Wilfried,3.3,133,68,3.3,Zaha,9.8,a,7,31,90,1100379,13919,1670978,12986,0.5,13.2,Zaha,2365,3,5,6,32,0,0,0,3,0,0,4,272,448.0,441.0,750.0,164.1
196,66975,3,0,Luka,1.0,134,67,2.8,Milivojevic,1.9,d,7,31,61,61844,58,445746,1405,0.1,9.1,Milivojevic,1965,2,1,6,26,0,0,0,9,0,0,7,296,357.6,436.3,151.0,94.5
197,60252,3,0,Andros,0.3,135,56,2.3,Townsend,1.0,a,7,31,34,49108,242,220338,279,0.1,6.1,Townsend,791,1,1,3,12,0,0,0,0,0,0,0,141,167.8,132.8,70.0,37.1
198,141020,3,0,Max,0.7,136,52,1.4,Meyer,0.1,a,7,31,18,4380,26,11228,28,0.1,3.5,Meyer,541,0,0,1,7,0,0,0,1,0,0,0,43,49.8,27.4,94.0,16.9
199,86417,3,0,Jeffrey,0.0,137,54,2.9,Schlupp,0.1,i,7,31,40,19999,23,26131,40,0.0,7.4,Schlupp,856,2,1,4,12,0,0,0,2,0,0,3,121,198.0,95.3,233.0,52.7
200,50471,3,2,James,2.0,138,52,2.5,McArthur,0.6,a,7,31,66,41219,478,116932,568,0.4,12.7,McArthur,2267,0,3,8,25,0,0,0,5,0,0,2,311,437.2,308.1,339.0,108.6
201,55037,3,3,Cheikhou,1.7,139,49,2.7,Kouyate,0.2,d,7,31,67,28713,57,27691,1084,0.3,13.7,Kouyaté,1803,1,2,7,23,0,0,0,1,0,0,4,226,263.0,149.6,226.0,63.6
202,221275,3,0,Luke,0.0,140,43,0.0,Dreher,0.1,a,7,31,0,11645,296,10429,234,0.0,0.0,Dreher,0,0,0,0,0,0,0,0,0,0,0,0,0,0.0,0.0,0.0,0.0
203,66838,4,1,Cenk,0.3,146,57,2.6,Tosun,0.2,a,7,31,23,27327,164,32891,329,0.1,4.0,Tosun,459,2,0,2,6,0,0,0,0,0,0,1,80,84.6,52.9,227.0,36.0
204,50472,3,2,James,1.7,157,43,1.2,McCarthy,0.8,a,7,31,27,68242,4591,66700,1544,0.4,6.3,McCarthy,1035,0,0,1,16,0,0,0,6,0,0,0,129,170.0,128.7,61.0,36.1
205,80146,4,5,Jordan,3.0,468,50,3.7,Ayew,7.9,a,7,31,95,1439930,17515,1147217,14312,0.6,19.0,Ayew,2202,6,2,9,27,0,0,0,4,0,0,17,311,402.4,299.0,669.0,136.6
206,19419,2,6,Gary,3.0,503,44,2.6,Cahill,1.3,a,7,31,47,124458,3477,182282,794,0.7,10.7,Cahill,1620,0,1,4,26,0,0,0,1,0,0,3,287,345.8,37.7,222.0,60.9
207,175946,3,0,Victor,0.0,510,45,1.0,Camarasa,0.2,u,7,31,1,4754,46,49120,76,0.0,0.2,Camarasa,5,0,0,0,0,0,0,0,0,0,0,0,3,0.2,0.1,0.0,0.0
208,173954,3,1,Jairo,0.3,539,45,1.6,Riedewald,0.0,a,7,31,14,2313,38,1611,66,0.1,3.1,Riedewald,563,0,0,0,7,0,0,0,0,0,0,0,87,91.8,38.2,24.0,15.4
209,42525,1,0,Stephen,0.0,556,40,0.0,Henderson,0.4,a,7,31,0,41117,531,17498,738,0.0,0.0,Henderson,0,0,0,0,0,0,0,0,0,0,0,0,0,0.0,0.0,0.0,0.0
210,221272,2,0,Sam,0.0,578,40,0.0,Woods,0.0,n,7,31,0,4193,15,3360,118,0.0,0.0,Woods,0,0,0,0,0,0,0,0,0,0,0,0,0,0.0,0.0,0.0,0.0
211,244723,2,0,Tyrick,0.0,579,40,0.0,Mitchell,0.0,a,7,31,0,1835,166,1135,123,0.0,0.0,Mitchell,0,0,0,0,0,0,0,0,0,0,0,0,0,0.0,0.0,0.0,0.0
212,466955,3,0,Brandon,0.0,580,45,1.0,Pierrick,0.0,a,7,31,1,272,17,168,13,0.0,0.2,Pierrick,7,0,0,0,0,0,0,0,0,0,0,0,5,4.4,21.0,2.0,2.7
213,432705,4,0,James,0.0,581,45,0.0,Daly,0.0,u,7,31,0,990,24,898,22,0.0,0.0,Daly,0,0,0,0,0,0,0,0,0,0,0,0,0,0.0,0.0,0.0,0.0
214,209043,3,0,Nya,0.0,588,45,0.0,Kirby,0.0,a,7,31,0,180,20,104,5,0.0,0.0,Kirby,0,0,0,0,0,0,0,0,0,0,0,0,0,0.0,0.0,0.0,0.0
215,234720,3,0,Giovanni,0.0,608,45,0.0,McGregor,0.0,n,7,31,0,203,86,93,12,0.0,0.0,McGregor,0,0,0,0,0,0,0,0,0,0,0,0,0,0.0,0.0,0.0,0.0
216,153133,3,1,Alex,1.0,17,56,2.1,Iwobi,0.9,a,8,11,38,133911,248,239632,250,0.2,6.8,Iwobi,1162,1,0,1,26,0,0,0,0,0,0,2,168,186.6,279.9,293.0,76.0
217,101188,2,0,Lucas,1.0,141,58,3.3,Digne,12.1,d,8,11,83,1242999,1146,2055011,35685,0.2,14.3,Digne,2151,0,5,6,36,1,0,0,2,0,0,12,459,517.2,881.5,229.0,162.9
218,164511,2,4,Yerry,7.0,142,53,2.9,Mina,2.3,a,8,11,73,412988,5298,422039,2551,1.3,13.8,Mina,2085,2,1,5,36,1,0,0,3,0,0,8,380,486.0,76.4,405.0,96.7
219,106611,2,0,Michael,1.0,143,52,2.6,Keane,1.9,a,8,11,53,148745,136,238646,982,0.2,10.2,Keane,1566,1,0,4,27,0,0,0,0,0,0,3,277,351.0,31.6,152.0,53.5
220,59949,2,0,Seamus,0.7,144,53,1.9,Coleman,1.1,a,8,11,33,114658,133,265465,339,0.1,6.2,Coleman,1162,0,1,3,20,0,0,0,3,1,0,2,203,206.8,122.2,132.0,46.2
221,12745,2,1,Leighton,0.3,145,49,2.2,Baines,0.2,a,8,11,9,13082,155,15756,105,0.1,1.8,Baines,242,0,1,0,5,0,0,0,0,0,0,0,59,53.4,49.2,3.0,10.6
222,177815,4,6,Dominic,6.3,147,62,4.1,Calvert-Lewin,13.6,a,8,11,102,1402899,88947,555059,19614,1.0,16.5,Calvert-Lewin,1739,12,1,5,30,0,0,0,6,0,0,13,354,486.4,206.1,941.0,162.8
223,111234,1,1,Jordan,1.3,148,53,2.9,Pickford,6.6,a,8,11,79,478416,667,704479,5487,0.2,14.9,Pickford,2430,0,0,6,41,0,0,0,1,0,64,3,436,523.8,3.0,0.0,52.5
224,10318,1,0,Maarten,0.0,149,40,0.0,Stekelenburg,7.2,a,8,11,0,196068,323,251996,3766,0.0,0.0,Stekelenburg,0,0,0,0,0,0,0,0,0,0,0,0,0,0.0,0.0,0.0,0.0
225,212319,3,6,Richarlison,7.0,150,83,5.2,de Andrade,12.2,a,8,11,129,1932964,97236,1737399,15157,0.9,15.7,Richarlison,2172,10,5,6,37,0,0,0,5,0,0,13,416,669.8,413.2,964.0,204.9
226,55422,3,1,Gylfi,3.3,151,73,2.7,Sigurdsson,2.4,a,8,11,65,139573,1075,820924,1065,0.5,8.9,Sigurdsson,1812,1,3,5,32,0,0,0,3,0,0,4,294,322.2,657.3,359.0,133.8
227,100649,3,1,Bernard,3.0,152,64,3.4,Anicio Caldeira Duarte,0.7,a,8,11,58,199239,808,214084,1015,0.5,9.1,Bernard,944,3,2,7,8,0,0,0,2,0,0,6,191,266.4,282.4,218.0,76.5
228,20467,3,0,Theo,4.0,153,62,2.4,Walcott,0.4,d,8,11,46,23140,43,59412,646,0.6,7.4,Walcott,951,1,3,3,11,0,0,0,1,0,0,1,127,148.4,209.0,449.0,80.8
229,173807,3,0,Tom,0.3,154,53,2.1,Davies,0.1,a,8,11,40,14464,53,17597,156,0.1,7.5,Davies,1218,1,1,3,21,0,0,0,6,0,0,3,145,174.2,82.2,201.0,45.9
230,219352,3,0,Ademola,0.0,155,50,0.0,Lookman,0.0,u,8,11,0,226,5,619,2,0.0,0.0,Lookman,0,0,0,0,0,0,0,0,0,0,0,0,0,0.0,0.0,0.0,0.0
231,80801,3,0,Idrissa,0.0,156,50,0.0,Gueye,0.0,u,8,11,0,475,4,2157,5,0.0,0.0,Gueye,0,0,0,0,0,0,0,0,0,0,0,0,0,0.0,0.0,0.0,0.0
232,42774,3,0,Morgan,1.0,158,44,1.2,Schneiderlin,0.6,a,8,11,18,38784,316,83404,408,0.2,4.1,Schneiderlin,998,0,0,1,20,0,0,0,4,1,0,0,132,143.2,78.5,32.0,25.5
233,41823,2,1,Fabian,-0.3,205,53,1.5,Delph,0.2,a,8,11,24,13367,101,30591,104,-0.1,4.5,Delph,1187,0,0,2,24,0,0,0,3,1,0,2,202,183.0,146.7,24.0,35.4
234,120250,3,0,Andre Filipe,0.0,422,52,1.4,Tavares Gomes,0.3,a,8,11,13,13140,460,69756,63,0.0,2.5,André Gomes,615,0,0,2,8,0,0,0,4,0,0,0,71,56.2,94.7,17.0,16.8
235,232964,2,0,Lewis,0.0,477,43,0.0,Gibson,0.1,n,8,11,0,4622,4,11225,95,0.0,0.0,Gibson,0,0,0,0,0,0,0,0,0,0,0,0,0,0.0,0.0,0.0,0.0
236,194164,2,1,Mason,1.7,478,45,2.7,Holgate,2.3,a,8,11,54,260980,1441,111398,8703,0.4,12.0,Holgate,1552,0,4,3,27,0,0,0,3,0,0,5,320,364.0,51.6,148.0,56.5
237,57513,1,0,Jonas,0.0,479,43,0.0,Lossl,0.3,n,8,11,0,2318,3,29709,171,0.0,0.0,Lössl,0,0,0,0,0,0,0,0,0,0,0,0,0,0.0,0.0,0.0,0.0
238,242058,4,1,Moise,1.7,496,64,1.9,Kean,1.4,a,8,11,38,86987,214,451049,1025,0.3,5.9,Kean,630,1,2,1,12,0,0,0,0,0,0,3,90,95.0,97.9,299.0,48.6
239,160987,3,0,Jean-Philippe,0.0,497,48,2.0,Gbamin,0.0,i,8,11,4,2771,3,7186,5,0.0,0.8,Gbamin,135,0,0,1,0,0,0,0,0,0,0,0,14,20.0,6.3,0.0,2.6
240,102747,2,1,Djibril,1.3,511,52,3.3,Sidibe,1.3,a,8,11,63,234809,588,174388,6153,0.2,12.1,Sidibé,1486,0,4,4,24,0,0,0,2,0,0,9,330,385.6,298.2,103.0,78.6
241,195855,3,0,Beni,0.0,557,45,0.0,Baningime,0.0,a,8,11,0,740,16,608,17,0.0,0.0,Baningime,0,0,0,0,0,0,0,0,0,0,0,0,0,0.0,0.0,0.0,0.0
242,232826,4,0,Anthony,0.0,561,45,1.0,Gordon,0.0,a,8,11,1,3369,145,2691,136,0.0,0.2,Gordon,45,0,0,0,0,0,0,0,0,0,0,0,2,0.0,7.4,14.0,2.0
243,113688,4,0,Oumar,0.0,570,45,1.0,Niasse,0.0,a,8,11,3,3467,120,2117,124,0.0,0.7,Niasse,19,0,0,0,2,0,0,0,0,0,0,0,1,7.0,1.8,0.0,0.9
244,56192,2,0,Rhu-endly,0.0,577,40,0.0,Martina,0.0,a,8,11,0,2407,114,1426,96,0.0,0.0,Cuco Martina,0,0,0,0,0,0,0,0,0,0,0,0,0,0.0,0.0,0.0,0.0
245,111931,2,2,Ricardo Domingos,3.0,159,63,4.4,Barbosa Pereira,13.8,a,9,13,115,1507496,43039,1019019,13005,0.5,18.3,Pereira,2340,3,2,9,26,0,0,0,1,0,0,11,533,707.0,395.5,229.0,133.1
246,172850,2,2,Benjamin,4.7,161,56,4.2,Chilwell,9.2,a,9,13,92,1200047,24934,961774,8499,0.8,16.4,Chilwell,1969,2,3,8,22,0,0,0,2,0,0,3,419,439.6,413.9,151.0,100.5
247,37642,2,2,Jonny,3.7,162,52,3.7,Evans,6.3,a,9,13,101,736060,23631,395610,5986,0.7,19.4,Evans,2394,1,2,9,27,0,0,0,4,0,0,10,540,592.6,69.1,250.0,91.3
248,37402,2,2,Christian,0.7,163,42,3.0,Fuchs,0.4,a,9,13,24,25492,561,36212,252,0.2,5.7,Fuchs,634,0,0,2,6,0,0,0,0,0,0,2,119,131.2,47.7,18.0,19.7
249,218031,2,2,Caglar,3.3,164,50,3.7,Soyuncu,16.1,a,9,13,95,2044673,41187,991874,12692,0.7,19.0,Söyüncü,2340,1,1,9,26,0,0,0,4,0,0,9,542,609.4,67.1,193.0,87.2
250,15033,2,0,Wes,0.3,165,41,1.1,Morgan,0.6,a,9,13,9,30907,277,90317,308,0.1,2.2,Morgan,160,0,0,0,1,0,0,0,0,0,0,0,35,45.8,0.7,36.0,8.2
251,101668,4,2,Jamie,2.0,166,97,6.2,Vardy,36.0,a,9,13,156,4319002,147221,2642261,64706,0.2,16.1,Vardy,2191,17,6,8,25,0,0,1,2,0,0,25,565,751.6,228.6,922.0,189.5
252,173515,4,1,Kelechi,0.7,167,57,4.1,Iheanacho,0.3,a,9,13,41,50941,244,58120,1674,0.1,7.2,Iheanacho,431,3,4,1,6,0,0,0,1,0,0,5,143,184.6,125.9,318.0,63.0
253,17745,1,12,Kasper,6.7,168,53,4.1,Schmeichel,14.1,a,9,13,111,1199831,43414,724240,5389,1.3,20.9,Schmeichel,2430,0,0,9,27,0,1,0,1,0,75,6,511,648.4,10.0,0.0,65.9
254,11974,1,0,Eldin,0.0,169,42,0.0,Jakupovic,0.1,a,9,13,0,1487,18,5457,32,0.0,0.0,Jakupovic,0,0,0,0,0,0,0,0,0,0,0,0,0,0.0,0.0,0.0,0.0
255,95463,1,0,Danny,0.0,170,42,0.0,Ward,0.2,a,9,13,0,2320,34,9148,50,0.0,0.0,Ward,0,0,0,0,0,0,0,0,0,0,0,0,0,0.0,0.0,0.0,0.0
256,172780,3,2,James,1.7,171,74,4.4,Maddison,20.5,a,9,13,114,2943868,71568,2244254,46740,0.2,15.4,Maddison,2219,6,5,8,24,0,0,0,4,0,0,14,472,587.8,1060.2,609.0,225.8
257,201666,3,1,Harvey,3.7,172,60,3.6,Barnes,2.9,a,9,13,91,357009,27759,172323,11923,0.6,15.2,Barnes,1525,4,7,6,15,0,0,0,0,0,0,5,267,358.0,369.1,633.0,136.1
258,115858,3,0,Rachid,0.0,173,52,0.0,Ghezzal,0.0,n,9,13,0,599,0,3891,3,0.0,0.0,Ghezzal,0,0,0,0,0,0,0,0,0,0,0,0,0,0.0,0.0,0.0,0.0
259,51938,3,0,Marc,0.3,174,51,1.3,Albrighton,0.2,a,9,13,16,8975,67,21548,79,0.1,3.1,Albrighton,374,0,1,0,7,0,0,0,1,0,0,0,83,77.6,134.3,60.0,27.2
260,172632,3,0,Demarai,0.0,175,51,1.7,Gray,0.2,a,9,13,24,11402,69,37109,144,0.0,4.7,Gray,409,1,2,0,4,0,0,1,1,0,0,0,80,109.2,114.3,156.0,37.8
261,203341,3,0,Wilfred,0.0,176,50,3.0,Ndidi,1.7,d,9,13,63,383052,67,404523,3073,0.0,12.6,Ndidi,1786,2,1,8,18,0,0,0,3,0,0,5,332,474.8,187.9,146.0,80.9
262,61604,3,1,Matty,0.3,177,43,1.0,James,0.1,a,9,13,1,12122,412,25112,123,0.1,0.2,James,5,0,0,0,0,0,0,0,0,0,0,0,3,0.4,0.1,0.0,0.1
263,155569,3,0,Daniel,0.0,178,43,0.0,Amartey,0.3,i,9,13,0,27455,48,36531,243,0.0,0.0,Amartey,0,0,0,0,0,0,0,0,0,0,0,0,0,0.0,0.0,0.0,0.0
264,86881,3,0,Nampalys,0.0,179,43,1.5,Mendy,0.8,i,9,13,6,94666,77,112591,1270,0.0,1.4,Mendy,193,0,0,0,3,0,0,0,0,0,0,0,49,36.4,34.2,9.0,8.0
265,197469,3,0,Hamza,0.7,180,43,1.8,Choudhury,0.8,a,9,13,27,137993,646,133336,1727,0.2,6.3,Choudhury,711,1,1,2,10,0,0,0,2,1,0,0,130,169.4,65.6,79.0,31.4
266,168580,3,1,Ayoze,2.0,265,62,4.5,Perez,9.1,a,9,13,108,1181391,38640,1542596,34009,0.3,17.4,Pérez,1501,7,5,7,16,0,0,0,0,0,0,9,325,464.4,338.5,583.0,138.8
267,41727,2,0,Ryan,0.0,404,48,1.9,Bennett,0.3,a,9,13,21,17502,52,43945,169,0.0,4.4,Bennett,603,0,0,2,9,0,0,0,2,0,0,0,110,113.6,33.7,16.0,16.3
268,220627,2,0,James,0.0,433,47,2.3,Justin,0.1,a,9,13,7,3014,28,7687,48,0.0,1.5,Justin,110,0,1,0,1,0,0,0,0,0,0,0,30,45.2,29.5,6.0,8.0
269,166989,3,2,Youri,4.7,448,62,3.6,Tielemans,4.3,a,9,13,93,904967,12258,1001528,5698,0.8,15.0,Tielemans,2117,3,5,9,24,0,0,0,1,0,0,5,385,426.2,537.7,373.0,133.9
270,13152,3,0,Andy,0.0,480,43,0.0,King,0.3,n,9,13,0,40502,68,66146,195,0.0,0.0,King,0,0,0,0,0,0,0,0,0,0,0,0,0,0.0,0.0,0.0,0.0
271,106837,3,2,Dennis,1.3,517,53,2.4,Praet,0.1,a,9,13,45,9006,215,11070,208,0.2,8.5,Praet,814,1,3,1,9,0,0,0,0,0,0,3,174,152.8,114.0,164.0,42.9
272,213405,2,0,Filip,0.0,597,39,0.0,Benkovic,0.0,n,9,13,0,1453,221,803,107,0.0,0.0,Benkovic,0,0,0,0,0,0,0,0,0,0,0,0,0,0.0,0.0,0.0,0.0
273,122798,2,4,Andrew,6.2,181,70,5.0,Robertson,21.0,a,10,14,136,1284487,22168,1907711,14319,0.9,19.4,Robertson,2353,1,7,11,17,0,0,0,1,0,0,15,629,610.2,689.5,279.0,158.0
274,169187,2,10,Trent,7.5,182,77,6.0,Alexander-Arnold,44.4,a,10,14,163,2684350,37668,1243048,5545,1.0,21.2,Alexander-Arnold,2369,2,14,11,17,0,0,0,4,0,0,18,703,801.2,1126.9,338.0,226.6
275,97032,2,1,Virgil,4.8,183,66,5.0,van Dijk,44.9,a,10,14,134,1677909,19272,2148093,28503,0.7,20.3,van Dijk,2430,4,0,12,17,0,0,0,1,0,0,11,586,677.2,70.1,333.0,107.9
276,171287,2,1,Joseph,5.2,184,53,4.1,Gomez,5.5,a,10,14,74,513606,12157,247229,8693,1.0,14.0,Gomez,1187,0,0,10,4,0,0,0,3,0,0,7,316,247.0,70.5,8.0,32.6
277,60914,2,1,Joel,0.2,185,52,4.1,Matip,1.1,a,10,14,33,445910,106,492624,273,0.0,6.3,Matip,631,1,0,2,5,0,0,0,0,0,0,4,143,192.4,20.9,35.0,25.0
278,38454,2,0,Dejan,0.0,186,53,2.0,Lovren,0.2,a,10,14,16,52124,28,64481,60,0.0,3.0,Lovren,669,0,1,0,8,0,0,0,1,0,0,0,130,172.0,20.7,52.0,24.6
279,92217,4,2,Roberto,4.2,187,97,4.7,Firmino,18.5,a,10,14,126,2028779,24163,1530983,56620,0.4,13.0,Firmino,2242,8,8,14,12,0,0,0,0,0,0,18,494,621.4,526.5,1349.0,249.9
280,152760,4,0,Divock,1.2,188,52,2.5,Origi,2.5,a,10,14,50,425188,454,608037,1866,0.2,9.6,Origi,487,3,3,1,9,0,0,0,0,0,0,6,177,160.4,83.0,169.0,41.2
281,116535,1,1,Alisson,5.5,189,62,4.6,Ramses Becker,11.4,a,10,14,88,721838,7478,1814652,10009,0.9,14.2,Alisson,1643,0,1,10,9,0,0,0,0,1,43,6,392,360.0,10.0,0.0,37.1
282,66797,1,0,Simon,0.0,190,45,0.0,Mignolet,0.0,u,10,14,0,612,5,2997,13,0.0,0.0,Mignolet,0,0,0,0,0,0,0,0,0,0,0,0,0,0.0,0.0,0.0,0.0
283,118748,3,7,Mohamed,10.0,191,128,7.3,Salah,45.1,a,10,14,175,3343547,30967,3000106,21374,0.8,13.7,Salah,2063,15,6,14,11,0,0,0,1,0,0,21,501,786.4,589.8,1544.0,291.9
284,110979,3,8,Sadio,3.2,192,123,6.7,Mane,23.8,a,10,14,160,3903879,77759,3407184,7567,0.3,13.0,Mané,1897,13,8,9,14,0,0,0,2,0,0,19,476,730.8,548.0,922.0,220.2
285,81880,3,1,Alex,5.0,193,62,2.7,Oxlade-Chamberlain,0.8,a,10,14,52,119249,3673,106378,4337,0.8,8.4,Chamberlain,949,3,0,7,4,0,0,0,1,0,0,2,178,217.2,190.2,282.0,68.8
286,68312,3,0,Xherdan,0.0,194,63,2.3,Shaqiri,0.2,i,10,14,14,9527,3,30623,46,0.0,2.2,Shaqiri,174,1,0,1,2,0,0,0,0,0,0,0,51,47.8,46.7,37.0,13.2
287,39155,3,0,Adam,0.2,195,57,1.9,Lallana,0.1,a,10,14,25,5664,25,10434,79,0.0,4.4,Lallana,336,1,1,1,4,0,0,0,1,0,0,1,84,99.6,62.2,65.0,22.7
288,175592,3,1,Naby,1.2,196,58,2.8,Keita,0.2,a,10,14,25,43157,290,68428,276,0.2,4.3,Keita,365,1,1,3,2,0,0,0,1,0,0,3,102,144.8,124.2,118.0,38.7
289,116643,3,2,Fabio Henrique,1.8,197,54,2.3,Tavares,1.0,a,10,14,41,115526,1032,148958,438,0.3,7.6,Fabinho,1264,1,1,3,12,0,0,0,5,0,0,4,239,257.4,246.1,54.0,55.8
290,56979,3,0,Jordan,5.8,198,54,4.0,Henderson,1.8,i,10,14,99,265527,553,212814,34412,1.1,18.0,Henderson,1883,3,5,14,9,0,0,0,1,0,0,9,453,500.0,402.4,225.0,112.9
291,41733,3,9,Georginio,4.0,199,54,3.1,Wijnaldum,2.2,a,10,14,81,293663,6490,334153,2398,0.7,15.0,Wijnaldum,2171,3,0,11,15,0,0,0,0,0,0,5,359,334.2,211.9,297.0,84.4
292,15157,3,0,James,0.2,200,53,2.5,Milner,0.5,d,10,14,43,42669,101,77153,219,0.0,8.1,Milner,668,2,2,4,6,0,0,0,3,0,0,3,161,177.2,124.3,81.0,38.4
293,217989,3,0,Rafael,0.0,201,45,0.0,Camacho,0.0,u,10,14,0,538,3,658,3,0.0,0.0,Camacho,0,0,0,0,0,0,0,0,0,0,0,0,0,0.0,0.0,0.0,0.0
294,195473,4,0,Rhian,0.0,464,42,0.0,Brewster,0.4,n,10,14,0,68709,576,84639,807,0.0,0.0,Brewster,0,0,0,0,0,0,0,0,0,0,0,0,0,0.0,0.0,0.0,0.0
295,60706,1,0,Adrian,0.0,526,40,2.5,San Miguel del Castillo,1.9,a,10,14,25,627633,627,608109,1335,0.0,6.2,Adrián,783,0,0,2,9,0,0,0,1,0,16,0,123,112.8,0.0,0.0,11.3
296,11948,1,0,Andy,0.0,530,42,0.0,Lonergan,0.0,a,10,14,0,2275,4,2956,7,0.0,0.0,Lonergan,0,0,0,0,0,0,0,0,0,0,0,0,0,0.0,0.0,0.0,0.0
297,200720,1,0,Caoimhin,0.0,531,44,0.0,Kelleher,0.0,a,10,14,0,1143,5,1637,15,0.0,0.0,Kelleher,0,0,0,0,0,0,0,0,0,0,0,0,0,0.0,0.0,0.0,0.0
298,444884,3,0,Harvey,0.0,550,45,1.0,Elliott,0.0,a,10,14,1,1067,8,949,21,0.0,0.2,Elliott,1,0,0,0,0,0,0,0,0,0,0,0,3,0.0,0.0,0.0,0.0
299,206915,3,0,Curtis,0.2,569,45,1.0,Jones,0.0,a,10,14,2,630,20,504,36,0.0,0.4,Jones,19,0,0,0,0,0,0,0,0,0,0,0,8,5.2,3.5,4.0,1.1
300,215136,2,0,Neco,0.0,575,40,0.0,Williams,0.1,a,10,14,0,6400,228,4812,242,0.0,0.0,Williams,0,0,0,0,0,0,0,0,0,0,0,0,0,0.0,0.0,0.0,0.0
301,197464,2,0,Nathaniel,0.0,589,40,0.0,Phillips,0.0,n,10,14,0,208,3,190,5,0.0,0.0,Phillips,0,0,0,0,0,0,0,0,0,0,0,0,0,0.0,0.0,0.0,0.0
302,157882,3,0,Takumi,0.2,590,62,1.0,Minamino,0.1,a,10,14,2,18156,89,15129,490,0.0,0.3,Minamino,66,0,0,0,1,0,0,0,0,0,0,0,2,4.6,7.3,12.0,2.1
303,146941,2,1,Aymeric,2.3,202,63,3.1,Laporte,2.1,d,11,43,22,152641,3242,573091,2417,0.4,3.5,Laporte,504,0,0,3,3,0,0,0,1,0,0,0,118,101.0,33.6,21.0,15.5
304,58621,2,6,Kyle,4.3,203,57,3.5,Walker,10.5,a,11,43,73,695125,3657,1297080,6705,0.8,12.8,Walker,1807,1,2,7,22,0,0,0,4,0,0,4,391,307.4,265.4,132.0,70.7
305,102826,2,6,Benjamin,4.0,204,55,3.7,Mendy,0.8,a,11,43,48,240245,1703,226655,1549,0.7,8.7,Mendy,1101,0,2,5,11,0,0,0,2,0,0,2,267,203.4,314.8,81.0,60.1
306,206325,2,0,Oleksandr,-1.0,206,52,2.6,Zinchenko,2.3,a,11,43,29,595686,94,1152340,688,-0.2,5.6,Zinchenko,829,0,0,4,11,0,0,0,0,1,0,1,184,157.0,252.9,59.0,47.0
307,97299,2,0,John,0.3,207,53,2.0,Stones,1.0,a,11,43,24,96075,118,269739,543,0.1,4.5,Stones,904,0,0,2,15,0,0,0,0,0,0,0,183,158.6,48.9,66.0,27.4
308,57410,2,1,Nicolas,3.0,208,50,3.6,Otamendi,2.1,a,11,43,65,715155,765,713130,3797,0.6,13.0,Otamendi,1323,2,1,5,17,0,0,0,3,0,0,6,298,341.6,58.5,296.0,69.5
309,100180,2,0,Danilo Luiz,0.0,209,50,0.0,da Silva,0.0,u,11,43,0,652,6,5826,6,0.0,0.0,Danilo,0,0,0,0,0,0,0,0,0,0,0,0,0,0.0,0.0,0.0,0.0
310,37572,4,0,Sergio,1.3,210,119,5.9,Aguero,19.2,a,11,43,123,2652887,4094,2652203,231471,0.1,10.2,Agüero,1336,16,4,5,17,0,0,1,1,0,0,14,489,639.6,252.9,1131.0,202.2
311,205651,4,6,Gabriel Fernando,3.0,211,95,4.2,de Jesus,2.5,a,11,43,97,547002,4591,593222,8224,0.3,10.2,Jesus,1302,10,5,6,11,0,0,1,1,0,0,9,360,513.2,239.9,1100.0,184.9
312,121160,1,7,Ederson,4.7,212,60,3.3,Santana de Moraes,11.2,a,11,43,80,885555,2333,1446602,5919,0.8,13.3,Ederson,2081,0,0,9,25,0,0,0,3,1,46,2,393,404.2,3.0,0.0,40.5
313,33148,1,0,Claudio,0.0,213,47,2.8,Bravo,0.3,a,11,43,11,22322,31,35067,143,0.0,2.3,Bravo,346,0,0,1,7,0,0,0,0,0,8,0,69,57.8,0.0,0.0,5.8
314,103955,3,0,Raheem,0.3,214,117,5.0,Sterling,14.9,a,11,43,116,2059283,529,3333461,19309,0.0,9.9,Sterling,1928,11,2,8,25,0,0,1,5,0,0,9,384,557.4,556.5,1300.0,241.3
315,61366,3,3,Kevin,6.3,215,107,6.8,De Bruyne,51.1,a,11,43,178,5096167,21654,2757319,147464,0.6,16.5,De Bruyne,2148,8,18,12,20,0,0,0,2,0,0,23,715,955.4,1457.9,745.0,316.0
316,182156,3,0,Leroy,0.0,216,93,0.0,Sane,0.2,d,11,43,0,3358,153,35407,145,0.0,0.0,Sané,0,0,0,0,0,0,0,0,0,0,0,0,0,0.0,0.0,0.0,0.0
317,103025,3,8,Riyad,3.3,217,85,5.5,Mahrez,7.7,a,11,43,120,1705991,14508,1407673,49760,0.4,14.1,Mahrez,1351,7,10,6,10,0,0,0,0,0,0,14,475,594.0,641.2,772.0,200.7
318,165809,3,3,Bernardo Mota,3.3,218,78,3.7,Veiga de Carvalho e Silva,8.2,a,11,43,85,890218,2856,2011301,8495,0.4,10.9,Bernardo Silva,1433,5,5,6,21,0,0,0,5,0,0,5,385,473.6,514.1,749.0,173.5
319,20664,3,0,David,1.0,219,74,4.7,Silva,4.0,a,11,43,90,1329312,725,1441518,6352,0.1,12.2,David Silva,1252,3,9,7,12,0,0,0,0,0,0,8,355,385.4,512.3,623.0,152.0
320,209244,3,0,Phil,0.3,220,51,1.3,Foden,0.3,a,11,43,17,15112,81,44594,275,0.1,3.3,Foden,263,0,1,0,4,0,0,0,0,0,0,0,71,77.6,126.0,113.0,31.6
321,27789,3,3,Fernando,1.7,221,52,2.0,Luiz Rosa,0.7,a,11,43,43,40272,444,83802,589,0.3,8.3,Fernandinho,1905,0,0,9,21,1,0,0,5,1,0,1,318,450.0,103.6,135.0,68.9
322,59859,3,3,Ilkay,1.3,222,52,2.1,Gundogan,1.2,a,11,43,50,106088,812,223242,1440,0.2,9.6,Gündogan,1495,2,1,4,24,0,0,1,7,0,0,4,298,318.2,499.3,336.0,115.4
323,145235,2,0,Jose Angel,0.0,440,47,1.8,Esmoris Tasende,0.2,n,11,43,11,18826,10,29155,194,0.0,2.3,Angeliño,422,0,1,0,7,0,0,0,1,0,0,1,94,92.6,164.0,58.0,31.6
324,220566,3,3,Rodrigo,4.7,443,54,2.9,Hernandez,1.1,a,11,43,72,163984,3902,204891,2017,0.9,13.3,Rodrigo,1863,3,1,10,23,0,0,0,6,0,0,5,400,474.6,417.8,148.0,103.9
325,121145,2,0,Joao Pedro Cavaco,0.3,518,52,2.5,Cancelo,0.8,a,11,43,25,123175,93,180241,669,0.1,4.8,Cancelo,693,0,0,2,8,0,0,0,1,0,0,3,162,144.6,158.5,81.0,38.4
326,432656,2,0,Eric,0.0,544,45,1.8,Garcia,0.0,a,11,43,11,7421,39,6429,132,0.0,2.4,Garcia,269,0,0,1,5,0,0,0,0,0,0,0,59,59.4,5.5,0.0,6.4
327,17601,1,0,Scott,0.0,562,40,0.0,Carson,0.1,a,11,43,0,7096,74,3461,134,0.0,0.0,Carson,0,0,0,0,0,0,0,0,0,0,0,0,0,0.0,0.0,0.0,0.0
328,214590,2,6,Aaron,8.3,122,53,3.2,Wan-Bissaka,14.4,a,12,1,76,855610,22932,2098154,6337,1.6,14.3,Wan-Bissaka,2150,0,2,6,27,0,0,0,5,0,0,11,443,535.0,311.3,88.0,93.6
329,95658,2,6,Harry,9.0,160,52,3.1,Maguire,10.6,a,12,1,83,566023,31214,1085298,4628,1.7,16.0,Maguire,2430,1,0,7,29,0,0,0,2,0,0,5,466,571.6,166.1,331.0,107.3
330,55909,2,0,Chris,0.0,223,52,0.0,Smalling,0.1,n,12,1,0,1873,8,16600,13,0.0,0.0,Smalling,0,0,0,0,0,0,0,0,0,0,0,0,0,0.0,0.0,0.0,0.0
331,18892,2,0,Ashley,0.0,224,54,2.0,Young,0.3,u,12,1,24,21214,14,40658,112,0.0,4.4,Young,953,0,0,2,10,0,0,0,5,0,0,0,158,155.6,316.6,18.0,49.1
332,184667,2,6,Victor,3.7,225,53,2.9,Lindelof,1.2,a,12,1,69,90780,511,120032,671,0.7,13.0,Lindelöf,2160,1,0,6,26,1,0,0,4,0,0,4,390,405.0,60.9,73.0,53.9
333,106760,2,7,Luke,6.3,226,54,2.4,Shaw,0.6,a,12,1,39,46596,2190,138837,684,1.2,7.2,Shaw,1053,0,0,4,10,0,0,0,4,0,0,2,224,230.0,185.0,112.0,52.5
334,58893,2,0,Marcos,0.0,227,48,1.0,Rojo,0.1,n,12,1,3,4798,2,11924,25,0.0,0.6,Rojo,121,0,0,0,2,0,0,0,1,0,0,0,9,20.2,1.9,6.0,2.8
335,197365,2,0,Eric,2.0,228,49,6.0,Bailly,0.1,a,12,1,6,7339,835,4233,930,0.4,1.2,Bailly,90,0,0,1,0,0,0,0,0,0,0,0,26,25.0,0.7,0.0,2.6
336,216051,2,0,Jose Diogo,0.7,229,49,1.0,Dalot Teixeira,0.1,a,12,1,4,1664,16,10963,50,0.1,0.8,Dalot,65,0,0,0,1,0,0,0,0,0,0,0,10,10.4,4.3,6.0,1.9
337,40002,2,0,Matteo,0.0,230,49,0.0,Darmian,0.0,u,12,1,0,594,4,4906,9,0.0,0.0,Darmian,0,0,0,0,0,0,0,0,0,0,0,0,0,0.0,0.0,0.0,0.0
338,76359,2,0,Phil,0.0,231,48,1.0,Jones,0.2,a,12,1,2,4949,47,13493,63,0.0,0.4,Jones,135,0,0,0,3,0,0,0,0,0,0,0,22,21.4,3.0,23.0,4.7
339,66749,4,0,Romelu,0.0,232,85,0.0,Lukaku,0.3,u,12,1,0,2240,38,31502,52,0.0,0.0,Lukaku,0,0,0,0,0,0,0,0,0,0,0,0,0,0.0,0.0,0.0,0.0
340,176297,4,0,Marcus,0.0,233,89,6.1,Rashford,9.8,i,12,1,134,2965301,241,3685349,15863,0.0,15.1,Rashford,1876,14,5,4,23,0,0,2,2,0,0,26,494,677.0,379.4,965.0,202.3
341,220688,4,8,Mason,3.0,234,43,2.4,Greenwood,11.6,a,12,1,51,1477433,28096,1755443,18885,0.7,11.9,Greenwood,573,5,0,1,8,0,0,0,0,0,0,7,205,230.6,105.8,275.0,60.7
342,51940,1,6,David,6.3,235,54,3.4,de Gea,11.4,a,12,1,91,890026,4869,1125535,4220,1.2,16.9,de Gea,2430,0,0,7,29,0,0,0,2,0,67,5,425,488.4,0.0,0.0,48.7
343,42899,1,0,Sergio,0.0,236,47,0.0,Romero,0.2,a,12,1,0,5018,18,12059,69,0.0,0.0,Romero,0,0,0,0,0,0,0,0,0,0,0,0,0,0.0,0.0,0.0,0.0
344,6744,1,0,Lee,0.0,237,48,0.0,Grant,0.1,i,12,1,0,744,11,4806,32,0.0,0.0,Grant,0,0,0,0,0,0,0,0,0,0,0,0,0,0.0,0.0,0.0,0.0
345,74208,3,0,Paul,0.0,238,83,2.4,Pogba,2.8,i,12,1,17,378443,40,750794,800,0.0,2.0,Pogba,521,0,2,1,5,0,0,1,0,0,0,0,80,130.2,215.6,118.0,46.5
346,148225,3,8,Anthony,6.3,239,80,5.3,Martial,15.1,a,12,1,112,2928321,90933,2351141,13786,0.8,14.0,Martial,1710,10,3,8,20,0,0,1,1,0,0,7,294,509.2,298.7,821.0,163.2
347,37265,3,0,Alexis,0.0,240,68,0.0,Sanchez,0.4,n,12,1,0,1569,23,44236,49,0.0,0.0,Sánchez,0,0,0,0,0,0,0,0,0,0,0,0,0,0.0,0.0,0.0,0.0
348,109322,3,0,Jesse,0.3,241,63,1.2,Lingard,0.7,a,12,1,25,60510,222,124607,340,0.0,4.0,Lingard,882,0,0,1,14,0,0,0,3,0,0,0,73,71.4,261.8,260.0,59.1
349,43670,3,0,Juan,1.0,242,62,2.2,Mata,0.4,a,12,1,35,24437,153,41475,765,0.2,5.6,Mata,709,0,2,4,8,0,0,0,1,0,0,2,133,105.2,280.0,126.0,51.1
350,200617,3,3,Daniel,3.0,243,59,3.3,James,6.2,a,12,1,86,1805312,4565,1654774,11613,0.5,14.6,James,2076,3,6,6,27,0,0,0,3,0,0,2,289,392.4,400.3,534.0,132.5
351,101582,3,3,Frederico,2.7,244,53,1.9,Rodrigues de Paula Santos,0.3,a,12,1,43,28244,1399,25551,993,0.5,8.1,Fred,1846,0,0,5,23,0,0,0,5,0,0,0,302,371.8,499.2,210.0,108.2
352,209041,3,0,Angel,0.0,245,48,1.0,Gomes,0.1,a,12,1,2,5639,67,11041,66,0.0,0.4,Gomes,19,0,0,0,1,0,0,0,0,0,0,0,7,4.2,24.8,2.0,3.1
353,156689,3,0,Andreas,1.3,246,49,2.5,Pereira,0.4,a,12,1,58,125836,242,128355,1091,0.3,11.8,Pereira,1442,1,3,6,16,0,0,0,3,0,0,1,190,239.2,418.7,343.0,100.3
354,62398,3,3,Nemanja,2.0,247,48,2.3,Matic,0.3,a,12,1,23,16241,460,43257,248,0.4,4.8,Matic,778,0,0,5,7,0,0,0,1,0,0,0,124,146.8,119.9,37.0,30.3
355,195851,3,1,Scott,0.3,248,49,3.1,McTominay,1.0,a,12,1,56,395440,1169,405256,611,0.1,11.4,McTominay,1462,2,2,2,17,0,0,0,2,0,0,6,239,336.2,211.5,288.0,83.6
356,222677,3,1,Tahith,0.3,249,43,1.0,Chong,0.6,a,12,1,3,96234,275,83919,858,0.1,0.7,Chong,34,0,0,0,0,0,0,0,0,0,0,0,6,1.4,1.1,6.0,0.7
357,232928,3,0,James,0.0,250,43,1.0,Garner,0.2,a,12,1,1,28027,135,26861,237,0.0,0.2,Garner,8,0,0,0,1,0,0,0,0,0,0,0,3,2.2,2.8,0.0,0.5
358,180804,2,0,Axel,0.0,481,44,1.4,Tuanzebe,0.1,i,12,1,7,7838,5,13035,50,0.0,1.6,Tuanzebe,187,0,0,0,3,0,0,0,0,0,0,0,30,17.6,6.2,0.0,2.4
359,232937,2,0,Brandon,1.7,549,41,3.2,Williams,5.7,a,12,1,32,595372,8816,199059,16234,0.4,7.8,Williams,680,1,1,3,9,0,0,0,5,0,0,1,141,132.2,126.0,74.0,33.2
360,141746,3,14,Bruno Miguel,7.3,618,82,7.3,Borges Fernandes,7.7,a,12,1,22,559782,221530,23680,3492,0.9,2.7,Fernandes,270,1,2,3,0,0,0,0,1,0,0,3,70,115.4,107.9,65.0,28.8
361,58498,4,1,Odion,1.0,624,65,1.0,Ighalo,0.5,a,12,1,2,51044,1801,15202,8868,0.2,0.3,Ighalo,11,0,0,0,0,0,0,0,0,0,0,0,2,4.0,0.2,55.0,5.9
362,56983,2,0,Matt,2.0,251,53,2.6,Ritchie,0.2,a,13,4,21,17945,235,41125,719,0.4,4.0,Ritchie,562,0,0,3,8,0,0,0,2,0,0,0,109,101.0,200.0,24.0,32.4
363,119471,2,2,Fabian,0.7,252,50,2.9,Schar,1.2,a,13,4,53,149366,1132,198395,661,0.1,10.6,Schär,1394,2,1,4,28,0,0,0,4,0,0,2,258,392.4,44.2,163.0,60.0
364,151119,2,0,DeAndre,0.0,253,44,1.9,Yedlin,0.1,a,13,4,23,12500,82,12420,99,0.0,5.2,Yedlin,772,1,0,1,11,0,0,0,3,0,0,0,96,130.4,95.1,41.0,26.8
365,57145,2,2,Federico,4.0,254,45,3.3,Fernandez,2.4,a,13,4,70,216407,20841,65966,4482,0.9,15.6,Fernández,1627,2,2,4,25,0,0,0,4,0,0,10,323,507.2,61.9,173.0,74.1
366,106618,2,0,Paul,0.0,255,44,2.8,Dummett,0.2,i,13,4,44,24366,1,32212,153,0.0,10.0,Dummett,1227,0,0,5,20,1,0,0,2,0,0,4,230,265.2,63.1,50.0,37.7
367,109528,2,0,Javier,0.0,256,43,2.9,Manquillo,0.1,d,13,4,32,23844,4,27796,146,0.0,7.4,Manquillo,800,0,1,3,12,0,0,0,2,0,0,4,137,123.4,41.6,26.0,19.2
368,77359,2,0,Florian,0.0,257,44,4.0,Lejeune,0.1,a,13,4,24,8206,72,3847,633,0.0,5.5,Lejeune,440,2,0,1,10,0,0,0,0,0,0,1,88,132.0,12.6,81.0,22.5
369,101148,2,1,Jamaal,2.3,258,43,3.1,Lascelles,4.2,a,13,4,52,332165,9427,505337,3550,0.5,12.1,Lascelles,1450,1,0,5,25,0,0,0,2,0,0,3,260,297.2,14.4,110.0,42.2
370,58845,2,0,Ciaran,2.3,259,43,3.5,Clark,0.3,i,13,4,49,66430,9,65023,1401,0.5,11.4,Clark,1186,2,0,4,14,0,0,0,3,0,0,2,216,331.4,14.9,128.0,47.6
371,196118,4,0,Yoshinori,0.0,260,51,1.1,Muto,0.1,a,13,4,8,6349,65,13228,23,0.0,1.6,Muto,201,0,0,0,6,0,0,0,0,0,0,0,22,12.6,15.1,12.0,3.7
372,61316,4,0,Jose Luis,0.0,261,50,0.0,Mato Sanmartin,0.0,u,13,4,0,1224,5,4001,4,0.0,0.0,Joselu,0,0,0,0,0,0,0,0,0,0,0,0,0,0.0,0.0,0.0,0.0
373,67089,1,4,Martin,4.0,262,50,3.9,Dubravka,1.9,a,13,4,104,145238,8490,102711,1936,0.8,20.8,Dubravka,2430,0,0,7,41,0,0,0,0,0,112,6,530,821.8,0.0,0.0,82.3
374,59735,1,0,Karl,0.0,263,43,0.0,Darlow,0.1,a,13,4,0,2020,21,6406,35,0.0,0.0,Darlow,0,0,0,0,0,0,0,0,0,0,0,0,0,0.0,0.0,0.0,0.0
375,155503,1,0,Frederick,0.0,264,40,0.0,Woodman,0.8,n,13,4,0,24776,26,43534,441,0.0,0.0,Woodman,0,0,0,0,0,0,0,0,0,0,0,0,0,0.0,0.0,0.0,0.0
376,179018,3,1,Miguel,2.0,266,58,2.8,Almiron,0.7,a,13,4,73,86586,1893,92219,2734,0.3,12.6,Almirón,2190,2,1,8,37,0,0,0,5,0,0,5,223,295.0,222.7,433.0,94.8
377,104953,3,0,Christian,0.0,267,53,2.0,Atsu,0.1,d,13,4,36,23327,3,28141,149,0.0,6.8,Atsu,732,0,3,3,14,0,0,0,2,0,0,0,102,121.0,186.7,55.0,36.3
378,76542,3,0,Sung-yueng,0.0,268,47,1.3,Ki,0.0,u,13,4,4,1302,6,5030,12,0.0,0.9,Ki Sung-yueng,135,0,0,0,6,0,0,0,0,0,0,0,18,17.8,39.8,0.0,5.8
379,50232,3,0,Jonjo,0.0,269,49,4.3,Shelvey,0.6,d,13,4,64,224700,59,219863,1931,0.0,13.1,Shelvey,1159,5,0,4,18,0,0,0,1,0,0,9,261,358.8,354.6,181.0,89.6
380,180135,3,1,Sean,1.3,270,50,1.8,Longstaff,0.3,a,13,4,36,21235,307,52506,259,0.3,7.2,Longstaff,1286,0,2,2,24,0,0,0,2,1,0,0,156,198.0,215.3,128.0,54.2
381,153127,3,0,Isaac,0.7,271,43,2.5,Hayden,4.9,a,13,4,55,482921,7434,596396,12398,0.2,12.8,Hayden,1797,1,3,5,32,0,0,0,4,1,0,2,239,299.4,153.5,163.0,61.5
382,38290,2,2,Danny,1.0,332,53,1.3,Rose,1.3,a,13,4,20,114487,665,218009,543,0.2,3.8,Rose,1062,0,0,1,19,0,0,0,5,0,0,0,159,191.0,184.7,38.0,41.5
383,180974,4,1,Joelinton Cassio,1.7,466,55,2.2,Apolinario de Lira,0.9,a,13,4,59,145009,1628,246245,1090,0.3,10.7,Joelinton,2115,1,2,5,36,0,0,0,5,0,0,3,169,244.4,346.4,460.0,105.2
384,58771,3,0,Jack,0.0,482,43,0.0,Colback,0.1,n,13,4,0,23873,106,24069,93,0.0,0.0,Colback,0,0,0,0,0,0,0,0,0,0,0,0,0,0.0,0.0,0.0,0.0
385,114243,3,0,Jacob,0.0,483,48,0.0,Murphy,0.0,n,13,4,0,248,1,1371,4,0.0,0.0,Murphy,0,0,0,0,0,0,0,0,0,0,0,0,0,0.0,0.0,0.0,0.0
386,92159,2,0,Jetro,0.0,498,44,3.4,Willems,0.9,i,13,4,64,363555,25,335461,3049,0.0,14.5,Willems,1492,2,2,3,24,0,0,0,0,0,0,6,283,345.4,196.0,198.0,74.1
387,155513,3,0,Rolando,0.0,499,48,0.0,Aarons,0.0,n,13,4,0,1539,4,4428,14,0.0,0.0,Aarons,0,0,0,0,0,0,0,0,0,0,0,0,0,0.0,0.0,0.0,0.0
388,170137,3,2,Allan,2.3,500,54,2.8,Saint-Maximin,0.5,a,13,4,44,73475,4785,80312,1182,0.4,8.1,Saint-Maximin,1163,1,2,4,13,0,0,0,0,0,0,0,161,217.2,266.5,351.0,83.4
389,111773,2,0,Emil,0.0,519,43,1.9,Krafth,0.1,i,13,4,21,4652,4,7098,52,0.0,4.9,Krafth,561,0,0,2,12,0,0,0,0,0,0,0,107,77.2,12.1,32.0,12.2
390,40142,4,0,Andy,0.0,520,54,1.9,Carroll,0.1,i,13,4,25,13641,9,20911,113,0.0,4.6,Carroll,507,0,3,2,7,0,0,0,1,0,0,0,75,113.6,120.0,162.0,39.9
391,223175,3,0,Matthew,0.0,540,45,3.6,Longstaff,0.2,a,13,4,25,47452,142,37503,453,0.0,5.6,Matthew Longstaff,544,2,0,1,9,0,0,0,1,0,0,2,98,101.8,51.1,29.0,18.2
392,104547,4,1,Dwight,0.3,554,50,1.3,Gayle,0.0,a,13,4,13,5547,115,5035,45,0.1,2.6,Gayle,197,0,1,0,6,0,0,0,0,0,0,0,37,31.2,28.9,17.0,7.6
393,19838,1,0,Robert,0.0,573,40,0.0,Elliot,0.1,a,13,4,0,7619,104,2553,168,0.0,0.0,Elliot,0,0,0,0,0,0,0,0,0,0,0,0,0,0.0,0.0,0.0,0.0
394,232957,3,0,Thomas,0.0,598,45,0.0,Allan,0.0,a,13,4,0,782,82,313,50,0.0,0.0,Allan,0,0,0,0,0,0,0,0,0,0,0,0,0,0.0,0.0,0.0,0.0
395,232977,2,0,Kelland,0.0,599,39,0.0,Watts,0.0,n,13,4,0,1557,1058,531,172,0.0,0.0,Watts,0,0,0,0,0,0,0,0,0,0,0,0,0,0.0,0.0,0.0,0.0
396,156069,2,0,Liam,0.0,610,40,0.0,Gibson,0.0,a,13,4,0,1210,173,346,88,0.0,0.0,Gibson,0,0,0,0,0,0,0,0,0,0,0,0,0,0.0,0.0,0.0,0.0
397,126407,3,1,Nabil,1.7,612,50,1.7,Bentaleb,0.0,a,13,4,5,3081,212,1181,228,0.3,1.0,Bentaleb,270,0,0,1,5,0,0,0,2,0,0,0,36,41.6,56.2,3.0,10.1
398,116543,3,-1,Valentino,0.7,614,55,0.7,Lazaro,0.0,s,13,4,2,1193,20,691,260,0.1,0.4,Lazaro,199,0,0,0,3,0,0,0,0,1,0,0,14,17.2,48.1,8.0,7.4
399,84384,2,0,Timm,0.0,272,43,0.0,Klose,0.0,i,14,45,0,824,4,5896,11,0.0,0.0,Klose,0,0,0,0,0,0,0,0,0,0,0,0,0,0.0,0.0,0.0,0.0
400,198826,2,0,Ben,0.0,273,44,1.3,Godfrey,0.1,a,14,45,24,13782,67,23421,56,0.0,5.5,Godfrey,1654,0,0,2,38,0,0,0,2,1,0,0,288,380.4,19.9,58.0,46.1
401,232980,2,0,Maximillian,2.7,274,43,1.8,Aarons,1.1,a,14,45,45,60844,913,164169,1215,0.6,10.5,Aarons,2250,0,1,4,47,0,0,0,6,0,0,1,339,360.6,298.6,206.0,86.6
402,192303,2,0,Christoph,2.7,275,44,2.3,Zimmermann,0.0,d,14,45,35,4036,6,3732,228,0.6,8.0,Zimmermann,1295,0,1,3,21,0,0,0,2,0,0,1,234,312.2,15.5,62.0,39.1
403,194799,2,1,Jamal,1.0,276,44,1.4,Lewis,0.2,a,14,45,24,32173,57,38007,123,0.2,5.5,Lewis,1315,0,0,2,32,0,0,0,2,0,0,0,224,251.6,135.9,76.0,46.4
404,83428,2,1,Grant,3.0,277,40,1.2,Hanley,2.4,a,14,45,16,294512,7334,302574,3097,0.8,4.0,Hanley,1081,0,0,1,24,1,0,0,3,0,0,1,174,268.0,2.9,76.0,34.8
405,57127,4,2,Teemu,2.0,278,65,4.7,Pukki,13.1,a,14,45,123,3788917,6971,3448577,18798,0.3,18.9,Pukki,2311,11,3,5,46,0,0,0,3,0,0,21,407,536.6,322.8,1075.0,192.9
406,179587,4,0,Dennis,0.0,279,52,1.6,Srbeny,0.0,u,14,45,13,4573,6,7965,18,0.0,2.5,Srbeny,41,1,0,0,2,0,0,0,0,0,0,1,50,44.2,3.4,25.0,7.0
407,20480,1,2,Tim,5.0,280,45,3.2,Krul,2.3,a,14,45,81,223934,3470,166846,2554,1.1,18.0,Krul,2250,0,0,4,44,1,2,0,4,0,89,9,467,723.0,0.0,0.0,72.3
408,18499,1,0,Michael,0.0,281,40,5.5,McGovern,6.4,a,14,45,11,395100,605,281697,7207,0.0,2.8,McGovern,158,0,0,0,6,0,1,0,0,0,7,2,46,65.0,0.0,0.0,6.5
409,37614,3,0,Mario,0.3,282,62,1.7,Vrancic,0.1,a,14,45,19,3906,41,14191,52,0.0,3.1,Vrancic,353,1,0,0,8,0,0,0,2,0,0,1,78,82.4,82.3,68.0,23.4
410,195546,3,0,Emiliano,0.7,283,60,2.9,Buendia,0.7,a,14,45,75,211582,395,215152,1075,0.1,12.5,Buendía,1833,0,7,2,40,0,0,0,4,0,0,10,367,563.0,992.8,300.0,185.8
411,89470,3,0,Onel,0.3,284,53,1.9,Hernandez,0.1,d,14,45,33,5929,8,16695,138,0.1,6.2,Hernández,756,1,1,1,15,0,0,0,0,0,0,0,106,148.6,137.5,262.0,54.6
412,71738,3,1,Marco,0.3,285,51,1.4,Stiepermann,0.1,a,14,45,25,6025,17,11610,27,0.1,4.9,Stiepermann,925,0,0,1,24,0,0,0,4,0,0,0,75,92.0,155.6,255.0,50.4
413,78607,3,2,Kenny,2.3,286,48,2.2,McLean,0.2,a,14,45,57,11942,108,16983,100,0.5,11.9,McLean,2108,1,1,4,44,0,0,0,4,0,0,0,317,371.8,330.2,221.0,92.1
414,193111,3,2,Todd,2.0,287,48,3.6,Cantwell,20.4,a,14,45,96,3483099,20293,2193551,38855,0.4,20.0,Cantwell,1955,6,2,5,40,0,0,0,4,0,0,10,358,463.8,409.0,604.0,147.1
415,87396,3,0,Moritz,0.0,288,43,1.8,Leitner,0.2,a,14,45,16,24251,338,31215,303,0.0,3.7,Leitner,683,0,0,1,16,0,0,0,1,0,0,0,102,106.8,127.7,53.0,28.8
416,18665,3,2,Alexander,2.3,289,45,2.4,Tettey,0.3,a,14,45,50,44749,786,37548,753,0.5,11.1,Tettey,1627,1,1,4,29,0,0,0,4,0,0,3,282,266.6,102.2,128.0,49.7
417,90440,3,0,Tom,0.0,290,44,1.8,Trybull,0.6,a,14,45,25,47084,33,74251,213,0.0,5.7,Trybull,1022,0,0,2,21,0,0,0,2,0,0,0,161,184.6,44.0,90.0,32.0
418,81048,4,1,Josip,0.7,434,53,1.3,Drmic,0.1,a,14,45,16,5144,32,14402,24,0.1,3.0,Drmic,161,1,0,0,3,0,0,0,0,0,0,0,48,39.0,19.7,44.0,10.2
419,124165,3,0,Patrick,0.0,435,51,1.0,Roberts,0.0,n,14,45,3,1533,4,7698,19,0.0,0.6,Roberts,24,0,0,0,2,0,0,0,0,0,0,0,12,4.4,0.6,0.0,0.5
420,28082,1,0,Ralf,0.0,449,44,1.0,Fahrmann,0.3,a,14,45,1,5129,41,26391,81,0.0,0.2,Fahrmann,21,0,0,0,1,0,0,0,0,0,1,0,6,4.0,0.0,0.0,0.4
421,113564,2,0,Sam,2.3,454,44,1.9,Byram,0.1,i,14,45,32,6499,5,10675,334,0.5,7.3,Byram,1292,0,0,3,23,0,0,0,4,0,0,2,201,273.2,109.2,218.0,60.2
422,101061,2,0,Philip,0.0,484,39,0.0,Heise,0.7,n,14,45,0,52131,246,58890,739,0.0,0.0,Heise,0,0,0,0,0,0,0,0,0,0,0,0,0,0.0,0.0,0.0,0.0
423,128348,3,0,Ibrahim,0.0,507,45,1.6,Amadou,0.1,u,14,45,18,11516,8,11169,101,0.0,4.0,Amadou,756,0,0,1,20,0,0,0,1,0,0,0,122,177.2,18.3,31.0,22.7
424,432735,4,0,Adam,0.0,538,44,1.5,Idah,0.1,a,14,45,3,17114,142,13560,224,0.0,0.7,Idah,65,0,0,0,3,0,0,0,0,0,0,0,9,3.0,1.5,4.0,0.9
425,233849,1,0,Archie,0.0,551,40,0.0,Mair,0.1,a,14,45,0,6702,54,3321,100,0.0,0.0,Mair,0,0,0,0,0,0,0,0,0,0,0,0,0,0.0,0.0,0.0,0.0
426,232667,2,0,Akin,0.0,552,40,0.0,Famewo,0.1,n,14,45,0,4592,10,4567,50,0.0,0.0,Famewo,0,0,0,0,0,0,0,0,0,0,0,0,0,0.0,0.0,0.0,0.0
427,139110,3,1,Ondrej,2.0,601,49,2.8,Duda,0.1,a,14,45,14,13810,96,6376,689,0.4,2.9,Duda,405,0,1,2,6,0,0,0,0,0,0,0,75,69.4,173.7,51.0,29.4
428,76306,3,1,Lukas,2.0,602,45,1.8,Rupp,0.0,a,14,45,9,845,85,314,49,0.4,2.0,Rupp,314,0,0,1,6,0,0,0,0,0,0,0,33,23.6,53.8,71.0,14.5
429,178304,4,0,Lys,1.3,70,46,3.1,Mousset,2.4,a,15,49,71,772284,2964,653616,13385,0.3,15.4,Mousset,1009,5,4,3,11,0,0,0,1,0,0,9,214,267.4,161.1,472.0,89.0
430,63426,2,7,Enda,4.7,291,51,3.9,Stevens,3.0,d,15,49,104,393442,3640,217185,16674,0.9,20.4,Stevens,2385,2,2,9,25,0,0,0,5,0,0,8,482,511.6,462.0,253.0,122.7
431,87121,2,0,Kieron,0.0,292,42,0.0,Freeman,0.1,a,15,49,0,4643,61,10753,100,0.0,0.0,Freeman,0,0,0,0,0,0,0,0,0,0,0,0,0,0.0,0.0,0.0,0.0
432,146610,2,2,Jack,3.7,293,47,3.3,O'Connell,3.5,a,15,49,90,408055,6067,189931,14183,0.8,19.1,O'Connell,2430,0,1,9,25,0,0,0,3,0,0,6,464,494.6,226.2,212.0,93.4
433,82691,2,2,George,3.0,294,51,4.0,Baldock,11.3,a,15,49,109,1256152,11051,465546,46975,0.6,21.4,Baldock,2430,2,4,9,25,0,0,0,6,0,0,7,435,423.2,315.4,188.0,92.7
434,108416,2,2,John,4.7,295,46,3.4,Egan,2.2,a,15,49,88,214187,7607,72763,8059,1.0,19.1,Egan,2328,0,1,9,22,0,0,0,2,0,0,4,420,426.8,12.3,354.0,79.4
435,18832,2,0,Richard,0.0,296,39,0.0,Stearman,2.2,u,15,49,0,129289,937,170841,2127,0.0,0.0,Stearman,0,0,0,0,0,0,0,0,0,0,0,0,0,0.0,0.0,0.0,0.0
436,153723,2,1,John,3.0,297,49,4.5,Lundstram,40.7,a,15,49,116,3608838,10483,1337018,154027,0.6,23.2,Lundstram,1975,4,3,8,20,0,0,0,4,0,0,12,428,394.2,316.6,351.0,106.5
437,18867,4,2,Billy,4.3,298,56,1.8,Sharp,0.4,a,15,49,31,61746,2047,102031,2023,0.8,5.5,Sharp,590,2,0,1,6,0,0,0,1,1,0,6,87,91.2,113.4,189.0,38.7
438,213280,1,0,Jake,0.0,299,43,0.0,Eastwood,0.1,a,15,49,0,2068,26,13952,44,0.0,0.0,Eastwood,0,0,0,0,0,0,0,0,0,0,0,0,0,0.0,0.0,0.0,0.0
439,59614,3,0,Mark,0.0,300,52,0.0,Duffy,0.0,n,15,49,0,299,2,5210,7,0.0,0.0,Duffy,0,0,0,0,0,0,0,0,0,0,0,0,0,0.0,0.0,0.0,0.0
440,47247,3,2,John,2.0,301,51,3.8,Fleck,6.1,a,15,49,91,750415,8704,314761,55207,0.4,17.8,Fleck,2098,5,2,7,21,0,0,0,7,0,0,13,411,481.2,573.0,409.0,146.5
441,79934,3,2,Oliver,4.0,302,49,2.7,Norwood,0.4,a,15,49,74,54225,1895,50508,2251,0.8,15.1,Norwood,2283,1,2,9,25,0,0,0,6,0,0,6,430,488.8,638.5,100.0,122.8
442,27436,4,1,David,0.3,303,54,2.0,McGoldrick,0.2,a,15,49,41,43851,100,50369,258,0.1,7.6,McGoldrick,1330,0,2,5,13,0,0,0,2,0,0,3,107,199.4,195.0,437.0,83.0
443,40386,2,2,Chris,3.7,423,45,3.1,Basham,1.2,a,15,49,83,126307,5632,51622,5472,0.8,18.4,Basham,2342,0,0,9,25,0,0,0,4,0,0,3,428,471.4,136.9,79.0,69.0
444,74854,1,0,Simon,0.0,436,43,1.0,Moore,0.1,a,15,49,1,3677,31,6503,72,0.0,0.2,Moore,90,0,0,0,3,0,0,0,0,0,2,0,9,7.8,0.0,0.0,0.8
445,49083,3,0,Luke,0.0,441,51,1.2,Freeman,0.1,a,15,49,11,3639,30,9731,59,0.0,2.2,Freeman,322,0,0,1,4,0,0,0,2,0,0,0,32,43.6,75.1,17.0,13.6
446,7645,2,0,Phil,0.0,444,42,1.0,Jagielka,0.3,a,15,49,4,16260,73,46133,281,0.0,1.0,Jagielka,128,0,0,0,3,0,0,0,0,0,0,0,31,39.0,4.7,2.0,4.5
447,171975,3,0,Callum,0.0,453,50,2.1,Robinson,0.2,n,15,49,33,49849,2,96755,200,0.0,6.6,Callum Robinson,669,1,2,2,6,0,0,0,1,0,0,1,73,79.8,72.8,156.0,30.4
448,90518,3,0,Ravel,0.0,456,46,1.0,Morrison,0.1,n,15,49,1,4265,5,13722,83,0.0,0.2,Morrison,12,0,0,0,0,0,0,0,0,0,0,0,0,0.0,0.6,4.0,0.2
449,172649,1,2,Dean,4.7,471,52,4.4,Henderson,15.9,a,15,49,115,1480030,9099,477027,53877,0.9,22.1,Henderson,2340,0,1,9,22,0,1,0,2,0,66,11,485,482.4,0.0,18.0,50.1
450,167878,3,1,Ben,0.7,472,47,1.0,Osborn,0.0,a,15,49,6,1263,26,3029,36,0.1,1.3,Osborn,97,0,0,0,0,0,0,0,0,0,0,0,26,18.6,25.3,8.0,5.2
451,169432,4,2,Oliver,2.0,501,57,2.2,McBurnie,0.3,a,15,49,56,38377,443,33486,1913,0.4,9.8,McBurnie,1339,4,0,6,15,0,0,0,3,0,0,4,190,293.4,129.5,577.0,99.8
452,194126,1,0,Michael,0.0,521,44,0.0,Verrips,0.0,a,15,49,0,1085,22,2034,37,0.0,0.0,Verrips,0,0,0,0,0,0,0,0,0,0,0,0,0,0.0,0.0,0.0,0.0
453,87447,3,0,Muhamed,0.0,522,44,1.0,Besic,0.1,a,15,49,9,9693,74,17154,177,0.0,2.0,Bešić,243,0,0,0,2,0,0,0,2,0,0,0,40,34.2,21.5,29.0,8.5
454,18440,4,0,Leon,0.0,547,44,1.0,Clarke,0.1,a,15,49,1,12128,164,9525,199,0.0,0.2,Clarke,13,0,0,0,0,0,0,0,0,0,0,0,-1,0.0,0.3,4.0,0.3
455,49384,3,0,Jack,0.0,591,45,0.0,Rodwell,0.0,a,15,49,0,922,50,482,50,0.0,0.0,Rodwell,0,0,0,0,0,0,0,0,0,0,0,0,0,0.0,0.0,0.0,0.0
456,83427,2,0,Jack,0.0,611,40,0.0,Robinson,0.0,a,15,49,0,1559,196,503,118,0.0,0.0,Jack Robinson,0,0,0,0,0,0,0,0,0,0,0,0,0,0.0,0.0,0.0,0.0
457,207189,3,2,Sander,2.3,621,50,2.3,Berge,0.1,a,15,49,7,10768,446,2995,1122,0.5,1.4,Berge,207,0,0,1,2,0,0,0,0,0,0,0,23,25.4,6.2,16.0,4.9
458,147612,4,0,Richairo,0.0,622,48,0.0,Zivkovic,0.0,a,15,49,0,1546,59,827,183,0.0,0.0,Zivkovic,0,0,0,0,0,0,0,0,0,0,0,0,0,0.0,0.0,0.0,0.0
459,222786,2,0,Panagiotis,0.0,625,45,0.0,Retsos,0.0,a,15,49,0,172,17,66,22,0.0,0.0,Retsos,0,0,0,0,0,0,0,0,0,0,0,0,0,0.0,0.0,0.0,0.0
460,93100,2,0,Jannik,0.0,304,46,2.9,Vestergaard,2.1,a,16,20,38,520679,319,445732,1453,0.0,8.3,Vestergaard,1113,1,0,3,23,0,0,0,2,0,0,6,214,266.0,66.4,147.0,48.0
461,40146,2,6,Ryan,2.3,305,48,2.1,Bertrand,0.8,a,16,20,46,57470,3413,75516,717,0.5,9.6,Bertrand,1842,1,1,4,41,0,0,0,3,1,0,0,281,284.0,380.5,166.0,83.1
462,213482,2,0,Yan,0.0,306,46,1.1,Valery,0.1,a,16,20,9,6780,58,25670,62,0.0,2.0,Valery,554,0,1,0,18,0,0,0,1,0,0,0,64,86.4,39.5,49.0,17.4
463,171771,2,6,Jan,2.0,307,44,2.4,Bednarek,0.8,a,16,20,59,81912,2316,81919,510,0.5,13.4,Bednarek,2247,1,0,5,46,0,0,0,3,0,0,3,380,523.2,29.9,48.0,60.3
464,88900,2,6,Jack,2.0,308,45,3.3,Stephens,3.7,a,16,20,62,328590,14012,75567,3260,0.4,13.8,Stephens,1647,1,3,4,29,0,0,0,1,0,0,6,299,412.8,64.4,95.0,57.2
465,80447,2,0,Maya,0.0,310,42,1.2,Yoshida,0.2,n,16,20,10,16762,9,30311,227,0.0,2.4,Yoshida,558,0,0,1,18,0,0,0,1,0,0,1,85,96.8,3.7,77.0,17.7
466,232797,2,0,Kayne,0.0,311,39,0.0,Ramsay,1.6,n,16,20,0,117534,458,110034,2634,0.0,0.0,Ramsay,0,0,0,0,0,0,0,0,0,0,0,0,0,0.0,0.0,0.0,0.0
467,78356,4,0,Charlie,0.0,312,60,0.0,Austin,0.0,u,16,20,0,761,11,9091,20,0.0,0.0,Austin,0,0,0,0,0,0,0,0,0,0,0,0,0,0.0,0.0,0.0,0.0
468,84939,4,2,Danny,3.7,313,71,5.1,Ings,33.5,a,16,20,137,3358527,55340,1119996,51937,0.5,19.3,Ings,1867,15,1,3,34,0,0,0,2,0,0,28,499,664.8,267.1,1077.0,200.8
469,220598,4,1,Michael,0.7,314,49,1.6,Obafemi,0.2,a,16,20,21,13444,97,22379,204,0.1,4.3,Obafemi,407,1,0,2,7,0,0,0,1,0,0,2,67,64.4,71.6,123.0,25.7
470,20452,4,9,Shane,4.3,315,46,2.9,Long,2.3,a,16,20,49,158226,20411,356479,3023,0.9,10.7,Long,965,2,3,2,16,0,0,0,0,0,0,4,124,156.8,224.9,396.0,77.9
471,153371,4,0,Sam,0.0,316,45,0.0,Gallagher,0.0,u,16,20,0,2980,40,5742,15,0.0,0.0,Gallagher,0,0,0,0,0,0,0,0,0,0,0,0,0,0.0,0.0,0.0,0.0
472,40383,1,0,Fraser,0.0,317,43,0.0,Forster,0.3,n,16,20,0,3189,27,49133,94,0.0,0.0,Forster,0,0,0,0,0,0,0,0,0,0,0,0,0,0.0,0.0,0.0,0.0
473,58376,1,7,Alex,3.3,318,44,3.2,McCarthy,4.2,a,16,20,54,356412,20304,101009,2330,0.7,12.3,McCarthy,1530,0,0,4,23,0,0,0,0,0,48,2,289,376.2,0.0,0.0,37.6
474,107265,1,0,Angus,0.0,319,42,2.9,Gunn,1.4,a,16,20,29,252309,759,239182,1299,0.0,6.9,Gunn,900,0,0,2,25,0,0,0,0,0,30,3,166,219.4,0.0,0.0,22.1
475,83283,3,0,Nathan,0.7,320,62,3.0,Redmond,0.7,i,16,20,69,97185,34,191972,6251,0.1,11.1,Redmond,1955,3,1,4,43,0,0,0,2,0,0,5,269,326.4,379.9,532.0,124.2
476,101178,3,3,James,2.0,321,57,3.2,Ward-Prowse,1.6,a,16,20,86,291342,6028,254199,4079,0.4,15.1,Ward-Prowse,2430,4,3,6,48,0,0,1,7,0,0,6,411,582.8,685.5,347.0,161.8
477,96787,3,0,Mohamed,0.0,322,52,0.0,Elyounoussi,0.0,n,16,20,0,326,11,3359,5,0.0,0.0,Elyounoussi,0,0,0,0,0,0,0,0,0,0,0,0,0,0.0,0.0,0.0,0.0
478,91047,3,9,Stuart,3.7,323,52,2.8,Armstrong,0.3,a,16,20,56,26720,8660,16000,778,0.7,10.8,Armstrong,1044,3,1,4,15,0,0,0,3,0,0,6,157,207.0,168.3,245.0,62.0
479,151086,3,0,Mario,0.0,324,47,0.0,Lemina,0.1,n,16,20,0,1417,24,10557,16,0.0,0.0,Lemina,0,0,0,0,0,0,0,0,0,0,0,0,0,0.0,0.0,0.0,0.0
480,132015,3,3,Pierre-Emile,2.3,325,48,2.4,Hjbjerg,0.5,a,16,20,62,45661,1547,68481,889,0.5,12.9,Højbjerg,2267,0,3,6,44,0,0,0,5,0,0,1,325,389.2,382.7,263.0,103.6
481,204481,3,0,Tyreke,0.0,326,44,0.0,Johnson,0.0,a,16,20,0,2968,98,3869,38,0.0,0.0,Johnson,0,0,0,0,0,0,0,0,0,0,0,0,0,0.0,0.0,0.0,0.0
482,193109,3,0,Callum,0.0,327,44,0.0,Slattery,0.3,n,16,20,0,32272,130,31533,314,0.0,0.0,Slattery,0,0,0,0,0,0,0,0,0,0,0,0,0,0.0,0.0,0.0,0.0
483,78056,3,1,Oriol,1.0,328,43,1.7,Romeu Vidal,1.5,a,16,20,35,171745,2746,152926,3195,0.2,8.1,Oriol Romeu,1296,0,0,3,32,0,0,0,3,0,0,0,199,237.6,161.4,41.0,44.0
484,158534,2,0,Kyle,0.3,337,44,1.5,Walker-Peters,0.6,d,16,20,6,103232,37,304987,772,0.1,1.4,Walker-Peters,313,0,0,0,6,0,0,0,0,0,0,0,53,65.4,44.1,18.0,12.9
485,200439,4,4,Che,2.0,437,53,1.8,Adams,0.3,a,16,20,38,31213,218,93164,192,0.4,7.2,Adams,705,0,3,3,11,0,0,0,0,0,0,0,92,66.8,137.6,214.0,40.9
486,431131,3,6,Moussa,3.0,438,52,2.5,Djenepo,0.1,a,16,20,42,30015,1358,31182,193,0.6,8.1,Djenepo,893,2,2,2,13,0,0,0,4,0,0,3,158,224.4,153.4,248.0,62.8
487,167075,2,0,Wesley,0.0,485,42,0.0,Hoedt,0.0,n,16,20,0,1057,1,4952,12,0.0,0.0,Hoedt,0,0,0,0,0,0,0,0,0,0,0,0,0,0.0,0.0,0.0,0.0
488,128198,3,0,Sofiane,0.7,508,55,1.8,Boufal,0.1,a,16,20,30,15464,121,17571,68,0.1,5.5,Boufal,615,0,3,1,14,0,0,0,2,0,0,0,87,130.2,168.8,252.0,55.0
489,135720,2,0,Kevin,0.0,532,42,1.5,Danso,0.0,a,16,20,9,3478,41,3557,40,0.0,2.1,Danso,275,0,1,1,8,0,0,0,0,1,0,0,46,58.4,26.0,6.0,8.9
490,200088,4,0,Daniel,0.0,535,45,0.0,N'Lundulu,0.1,a,16,20,0,9981,108,8628,89,0.0,0.0,N'Lundulu,0,0,0,0,0,0,0,0,0,0,0,0,0,0.0,0.0,0.0,0.0
491,198044,1,0,Harry,0.0,548,40,0.0,Lewis,0.2,a,16,20,0,13998,119,6721,195,0.0,0.0,Lewis,0,0,0,0,0,0,0,0,0,0,0,0,0,0.0,0.0,0.0,0.0
492,214466,3,3,William,1.0,584,45,3.0,Smallbone,0.0,a,16,20,3,364,133,158,28,0.2,0.7,Smallbone,79,0,0,1,0,0,0,0,0,0,0,0,9,8.4,2.8,10.0,2.1
493,115556,2,1,Ben,0.7,329,53,1.2,Davies,0.1,a,17,6,10,8114,145,15576,50,0.1,1.9,Davies,540,0,0,0,10,0,0,0,1,0,0,0,72,124.2,58.1,14.0,19.4
494,39194,2,1,Jan,0.7,330,52,2.8,Vertonghen,1.6,a,17,6,50,129546,343,259148,1442,0.1,9.6,Vertonghen,1453,1,1,3,22,0,0,0,2,0,0,4,298,361.0,51.8,45.0,45.9
495,55605,2,1,Toby,3.7,331,53,2.5,Alderweireld,4.8,a,17,6,64,335601,1870,532176,3323,0.7,12.1,Alderweireld,2327,1,2,4,35,1,0,0,4,0,0,2,445,623.8,193.4,137.0,95.4
496,173904,2,1,Davinson,4.0,333,53,1.9,Sanchez,0.9,a,17,6,37,40942,600,76525,512,0.8,7.0,Sánchez,1710,0,1,2,27,0,0,0,4,0,0,1,313,405.2,25.0,65.0,49.6
497,77794,2,0,Kieran,0.0,334,55,0.0,Trippier,0.1,u,17,6,0,1529,16,15248,22,0.0,0.0,Trippier,0,0,0,0,0,0,0,0,0,0,0,0,0,0.0,0.0,0.0,0.0
498,234908,2,0,Juan,0.0,335,48,0.8,Foyth,0.0,i,17,6,3,2464,4,3664,40,0.0,0.6,Foyth,66,0,0,0,3,0,0,0,1,0,0,0,9,18.6,12.5,0.0,3.1
499,80226,2,1,Serge,2.7,336,50,3.5,Aurier,5.9,a,17,6,77,1087547,5507,727530,17727,0.5,15.4,Aurier,1816,0,6,5,24,1,0,0,1,1,0,11,435,479.8,384.6,184.0,104.9
500,78830,4,0,Harry,0.0,338,108,5.2,Kane,8.6,i,17,6,104,1665483,72,3047867,3695,0.0,9.6,Kane,1778,11,2,2,29,0,0,0,2,0,0,16,374,531.4,291.1,696.0,151.8
501,165990,4,0,Vincent,0.0,339,45,0.0,Janssen,0.1,u,17,6,0,2909,19,9115,17,0.0,0.0,Janssen,0,0,0,0,0,0,0,0,0,0,0,0,0,0.0,0.0,0.0,0.0
502,37915,1,3,Hugo,6.7,340,53,4.1,Lloris,3.5,a,17,6,45,246274,3737,647583,2250,1.3,8.5,Lloris,908,0,0,2,13,0,1,0,0,0,44,4,218,329.4,0.0,0.0,33.0
503,102884,1,0,Paulo,0.0,341,43,3.4,Gazzaniga,2.2,a,17,6,57,521365,704,412118,10363,0.0,13.3,Gazzaniga,1522,0,0,2,23,0,1,0,1,0,58,6,292,439.2,10.0,0.0,45.0
504,85971,3,0,Heung-Min,7.0,342,99,5.8,Son,5.3,i,17,6,122,3069690,607,2935238,77827,0.7,12.3,Son,1744,9,9,4,25,0,0,1,0,2,0,13,395,604.2,431.0,893.0,192.2
505,80607,3,0,Christian,0.0,343,86,2.4,Eriksen,2.5,u,17,6,48,142751,28,448444,1274,0.0,5.6,Eriksen,1090,2,2,1,18,0,0,0,5,0,0,6,205,262.4,348.9,225.0,83.3
506,108823,3,1,Bamidele,2.0,344,84,5.0,Alli,4.9,a,17,6,99,1634979,10913,1384710,34525,0.2,11.8,Alli,1578,7,4,4,20,0,0,0,2,0,0,12,303,451.2,295.6,520.0,126.8
507,95715,3,2,Lucas,3.3,345,71,2.9,Rodrigues Moura da Silva,5.1,a,17,6,73,757901,14901,1141410,9955,0.5,10.3,Lucas Moura,1540,4,3,3,20,0,0,0,2,0,0,1,229,360.6,334.1,560.0,125.3
508,62974,3,4,Erik,1.7,346,57,2.9,Lamela,1.1,a,17,6,46,488981,1190,510544,404,0.3,8.1,Lamela,852,2,3,3,9,0,0,0,2,0,0,2,171,185.6,227.6,272.0,68.4
509,157668,3,1,Harry,2.0,347,52,1.5,Winks,0.3,a,17,6,34,18400,268,31121,217,0.4,6.5,Winks,1499,0,0,3,24,0,0,0,7,0,0,0,253,255.2,241.0,37.0,53.3
510,54756,3,0,Victor,0.0,348,47,0.5,Wanyama,0.1,a,17,6,1,5320,37,8234,56,0.0,0.2,Wanyama,24,0,0,0,2,0,0,0,1,0,0,0,5,1.2,0.9,0.0,0.2
511,45268,3,0,Moussa,0.0,349,48,2.5,Sissoko,1.2,i,17,6,49,222485,16,292031,820,0.0,10.2,Sissoko,1688,2,1,3,25,0,0,0,6,0,0,0,272,242.8,201.9,167.0,61.1
512,93264,3,0,Eric,1.7,350,48,1.8,Dier,0.2,a,17,6,21,12859,143,19122,176,0.4,4.4,Dier,710,0,2,1,14,0,0,0,4,0,0,0,90,161.4,85.2,39.0,28.6
513,168764,3,0,Luke,0.0,351,44,0.0,Amos,0.0,n,17,6,0,987,23,1315,13,0.0,0.0,Amos,0,0,0,0,0,0,0,0,0,0,0,0,0,0.0,0.0,0.0,0.0
514,209042,3,0,Oliver,0.0,352,43,1.0,Skipp,0.6,a,17,6,3,48642,1781,47397,1127,0.0,0.7,Skipp,12,0,0,0,0,0,0,0,0,0,0,0,8,5.0,0.2,0.0,0.5
515,231372,3,2,Tanguy,2.0,442,58,2.5,Ndombele,2.3,a,17,6,42,586008,444,824116,546,0.3,7.2,Ndombele,879,2,2,1,15,0,0,0,2,0,0,2,202,259.6,177.7,114.0,55.2
516,447235,4,0,Troy,0.0,509,43,1.0,Parrott,0.8,a,17,6,1,85938,988,97254,1079,0.0,0.2,Parrott,5,0,0,0,0,0,0,0,0,0,0,0,3,0.2,0.1,0.0,0.0
517,200826,3,1,Giovani,1.3,523,73,1.4,Lo Celso,0.4,a,17,6,24,25533,1150,49244,827,0.2,3.3,Lo Celso,732,0,0,3,8,0,0,0,3,0,0,0,108,150.6,222.1,84.0,45.6
518,184349,3,0,Ryan,0.0,524,54,1.5,Sessegnon,0.1,d,17,6,9,5204,5,20234,150,0.0,1.7,Sessegnon,341,0,0,0,5,0,0,0,0,0,0,0,41,45.4,39.9,34.0,11.9
519,168566,3,0,Georges-Kevin,0.0,527,50,1.0,Nkoudou,0.0,u,17,6,1,1729,5,2485,6,0.0,0.2,Nkoudou,2,0,0,0,0,0,0,0,0,0,0,0,3,0.0,0.0,18.0,1.8
520,175941,1,0,Alfie,0.0,543,40,0.0,Whiteman,0.5,a,17,6,0,45087,97,21353,456,0.0,0.0,Whiteman,0,0,0,0,0,0,0,0,0,0,0,0,0,0.0,0.0,0.0,0.0
521,39215,1,0,Michel,0.0,555,43,0.0,Vorm,0.0,a,17,6,0,3033,15,2763,23,0.0,0.0,Vorm,0,0,0,0,0,0,0,0,0,0,0,0,0,0.0,0.0,0.0,0.0
522,214572,1,0,Brandon,0.0,558,40,0.0,Austin,0.2,a,17,6,0,16482,88,8313,239,0.0,0.0,Austin,0,0,0,0,0,0,0,0,0,0,0,0,0,0.0,0.0,0.0,0.0
523,199584,2,1,Japhet,2.3,583,41,3.5,Tanganga,2.5,a,17,6,14,229550,7287,51332,5928,0.6,3.4,Tanganga,360,0,0,2,3,0,0,0,1,0,0,0,74,88.6,5.5,9.0,10.3
524,195774,3,0,Gedson,0.3,605,48,1.0,Carvalho Fernandes,0.0,a,17,6,3,4701,131,2788,279,0.1,0.6,Fernandes,32,0,0,0,0,0,0,0,0,0,0,0,9,3.8,11.7,6.0,2.2
525,194252,3,2,Steven,4.7,615,75,4.7,Bergwijn,1.9,a,17,6,14,183435,12334,47298,18130,0.6,1.9,Bergwijn,236,1,0,1,4,0,0,0,0,0,0,2,46,58.4,68.8,88.0,21.5
526,40868,2,0,Jose,0.0,353,46,1.3,Holebas,0.7,a,18,57,16,19093,47,236956,212,0.0,3.5,Holebas,1004,0,0,2,26,0,0,0,5,0,0,0,141,170.0,207.8,62.0,43.8
527,85624,2,1,Christian,1.3,354,43,3.0,Kabasele,0.4,a,18,57,51,63839,271,51867,1089,0.3,11.9,Kabasele,1395,0,1,6,18,0,0,0,1,2,0,3,253,299.6,13.6,78.0,39.3
528,155651,2,1,Adam,3.0,355,43,2.6,Masina,0.2,a,18,57,39,20423,216,10281,842,0.7,9.1,Masina,1041,1,0,4,18,0,0,0,3,0,0,1,186,242.4,115.8,52.0,41.3
529,20145,2,0,Adrian,0.0,356,42,1.6,Mariappa,0.3,a,18,57,24,30917,124,25686,1296,0.0,5.7,Mariappa,1226,0,0,3,25,1,0,0,2,1,0,1,168,190.2,71.5,32.0,28.7
530,54484,2,0,Francisco,0.0,357,42,1.7,Femenia Far,0.4,d,18,57,29,76108,15,104650,932,0.0,6.9,Kiko Femenía,1344,0,0,3,28,0,0,0,4,0,0,0,231,222.6,214.3,40.0,47.8
531,41338,2,0,Craig,1.0,358,44,2.7,Cathcart,3.1,a,18,57,68,246253,1728,291596,9018,0.2,15.5,Cathcart,2173,0,0,8,32,0,0,0,6,0,0,3,386,413.4,33.9,38.0,48.6
532,52940,2,0,Daryl,0.0,359,40,4.5,Janmaat,0.6,d,18,57,36,188528,1243,195233,1161,0.0,9.0,Janmaat,606,0,1,4,5,1,0,0,1,0,0,7,148,116.0,108.4,46.0,27.1
533,220166,2,0,Marc,0.0,360,39,0.0,Navarro,0.3,n,18,57,0,47674,345,37722,496,0.0,0.0,Navarro,0,0,0,0,0,0,0,0,0,0,0,0,0,0.0,0.0,0.0,0.0
534,41945,2,0,Sebastian,0.0,361,39,1.0,Prodl,1.1,u,18,57,1,62006,1457,109855,1145,0.0,0.3,Prödl,56,0,0,0,0,0,0,0,0,0,0,0,3,1.8,0.1,8.0,1.0
535,41725,4,2,Troy,3.0,362,62,3.6,Deeney,1.8,a,18,57,57,219497,1245,288144,11997,0.5,9.2,Deeney,1338,5,1,5,19,0,0,1,3,0,0,8,216,309.6,236.2,532.0,107.8
536,94924,4,2,Gerard,3.0,363,61,3.2,Deulofeu,2.7,a,18,57,87,404501,1506,604254,10475,0.5,14.3,Deulofeu,2061,4,5,8,33,0,0,0,3,0,0,9,327,456.6,591.2,885.0,193.0
537,73426,4,0,Andre,0.0,364,55,1.8,Gray,0.4,a,18,57,35,40393,111,74492,228,0.0,6.4,Gray,706,2,1,0,17,0,0,0,1,0,0,2,108,106.0,123.6,281.0,50.1
538,173514,4,0,Isaac,0.0,365,47,0.8,Success Ajayi,0.3,a,18,57,4,20071,106,56746,170,0.0,0.9,Success,65,0,0,0,3,0,0,0,1,0,0,0,8,6.2,13.6,17.0,3.7
539,9089,1,2,Ben,1.7,366,49,3.8,Foster,4.3,a,18,57,103,384209,939,276483,12480,0.3,21.0,Foster,2430,0,0,8,43,0,0,0,1,0,86,15,503,652.8,10.1,17.0,68.2
540,206882,1,0,Pontus,0.0,367,43,0.0,Dahlberg,0.1,n,18,57,0,1472,13,6493,80,0.0,0.0,Dahlberg,0,0,0,0,0,0,0,0,0,0,0,0,0,0.0,0.0,0.0,0.0
541,121599,3,2,Abdoulaye,4.3,368,57,3.3,Doucoure,2.3,a,18,57,86,237753,4520,285057,8331,0.8,15.1,Doucouré,2265,4,2,8,41,1,0,0,7,0,0,9,355,419.4,411.5,492.0,132.1
542,61566,3,2,Roberto,3.7,369,56,2.3,Pereyra,0.7,a,18,57,48,33274,456,244126,681,0.7,8.6,Pereyra,1194,3,0,4,16,0,0,0,3,0,0,0,152,205.2,237.2,264.0,70.5
543,108413,3,2,Will,1.0,370,53,2.4,Hughes,0.3,a,18,57,45,63397,36,69847,89,0.2,8.5,Hughes,1334,1,1,4,26,0,0,0,4,0,0,3,165,221.0,206.6,152.0,57.9
544,43250,3,1,Tom,0.3,371,48,2.5,Cleverley,0.1,a,18,57,25,21354,16,26318,26,0.1,5.2,Cleverley,655,1,0,1,17,0,0,0,0,0,0,2,121,122.8,179.5,176.0,47.9
545,157775,3,0,Ken,0.0,372,47,0.0,Sema,0.0,n,18,57,0,685,6,3113,10,0.0,0.0,Sema,0,0,0,0,0,0,0,0,0,0,0,0,0,0.0,0.0,0.0,0.0
546,38439,3,2,Etienne,4.0,373,48,2.6,Capoue,0.3,a,18,57,58,28040,1139,67297,748,0.8,12.1,Capoue,1958,0,3,6,39,0,0,0,6,0,0,5,298,376.8,193.9,91.0,66.3
547,89085,3,0,Nathaniel,0.3,374,44,1.9,Chalobah,0.2,a,18,57,27,20017,75,24396,331,0.1,6.1,Chalobah,770,0,1,2,10,0,0,0,1,0,0,2,104,130.6,91.8,52.0,27.2
548,216058,3,0,Domingos,0.0,375,44,1.0,Quina,0.1,a,18,57,4,6704,30,10176,55,0.0,0.9,Quina,18,0,0,0,2,0,0,0,0,0,0,0,10,7.4,0.8,7.0,1.5
549,60232,2,1,Craig,0.3,439,48,1.9,Dawson,0.2,a,18,57,37,9857,54,20718,131,0.1,7.7,Dawson,1549,0,0,4,29,0,0,0,4,0,0,0,231,330.2,32.8,151.0,51.4
550,50175,4,1,Danny,1.0,512,58,1.2,Welbeck,0.1,a,18,57,10,11395,90,19454,79,0.2,1.7,Welbeck,259,0,0,1,3,0,0,0,0,0,0,0,23,27.4,28.3,72.0,12.7
551,18656,1,0,Heurelho da Silva,0.0,513,44,0.0,Gomes,0.2,a,18,57,0,5551,58,9975,86,0.0,0.0,Gomes,0,0,0,0,0,0,0,0,0,0,0,0,0,0.0,0.0,0.0,0.0
552,232185,3,1,Ismaila,0.3,525,62,3.4,Sarr,0.4,a,18,57,57,135946,398,140087,1509,0.0,9.2,Sarr,1050,3,3,5,15,0,0,0,1,0,0,2,157,215.2,226.9,392.0,83.4
553,96767,2,0,Dimitri,0.0,542,40,0.3,Foulquier,0.1,n,18,57,1,18712,17,16307,137,0.0,0.2,Foulquier,57,0,0,0,6,0,0,0,0,0,0,0,12,8.0,1.0,0.0,1.0
554,175353,3,0,Ayotomiwa,0.0,563,45,0.0,Dele-Bashiru,0.0,a,18,57,0,901,62,613,25,0.0,0.0,Dele-Bashiru,0,0,0,0,0,0,0,0,0,0,0,0,0,0.0,0.0,0.0,0.0
555,475168,4,0,Joao Pedro,0.0,592,49,0.0,Junqueira de Jesus,0.0,a,18,57,0,1159,72,822,72,0.0,0.0,João Pedro,0,0,0,0,0,0,0,0,0,0,0,0,0,0.0,0.0,0.0,0.0
556,168290,3,0,Ignacio,0.7,604,48,1.0,Pussetto,0.0,a,18,57,4,445,4,317,30,0.1,0.8,Pussetto,32,0,0,0,2,0,0,0,0,0,0,0,12,18.8,0.9,2.0,2.2
557,55459,2,1,Aaron,1.0,376,46,2.9,Cresswell,1.3,a,19,21,60,286763,1906,243412,1884,0.2,13.0,Cresswell,1843,3,0,4,38,0,0,0,6,0,0,5,302,400.8,259.1,151.0,81.3
558,40669,2,1,Angelo,0.2,377,45,2.8,Ogbonna,1.2,a,19,21,61,168845,731,119378,2375,0.0,13.6,Ogbonna,1980,2,0,6,34,1,0,0,4,0,0,0,332,427.2,21.3,141.0,58.9
559,105717,2,0,Arthur,0.2,378,42,1.7,Masuaku,0.4,a,19,21,25,98238,172,103096,445,0.0,6.0,Masuaku,908,0,1,2,18,0,0,0,3,1,0,3,160,233.4,126.2,53.0,41.4
560,20658,2,0,Pablo,0.2,379,42,1.0,Zabaleta,0.5,a,19,21,10,17847,117,43111,308,0.0,2.4,Zabaleta,588,0,0,0,14,0,0,0,2,0,0,0,90,110.4,50.5,12.0,17.4
561,81012,2,0,Ryan,0.5,380,44,2.9,Fredericks,0.3,i,19,21,57,127166,9,133911,716,0.1,13.0,Fredericks,1686,0,2,6,30,0,0,0,5,0,0,5,318,352.6,247.2,52.0,65.4
562,219924,2,6,Issa,3.5,381,43,2.4,Diop,2.1,a,19,21,50,249943,3363,367886,1006,0.8,11.6,Diop,1775,3,0,3,40,0,0,0,8,0,0,2,279,445.2,19.8,144.0,61.0
563,166640,2,0,Fabian,0.0,382,43,2.8,Balbuena,0.4,a,19,21,36,39077,36,46290,834,0.0,8.4,Balbuena,1081,1,0,3,22,0,0,0,2,0,0,3,189,248.0,18.2,149.0,41.5
564,48717,2,0,Winston,0.0,383,40,0.0,Reid,4.7,n,19,21,0,361509,28,380441,9869,0.0,0.0,Reid,0,0,0,0,0,0,0,0,0,0,0,0,0,0.0,0.0,0.0,0.0
565,222018,2,0,Ben,0.0,384,39,0.0,Johnson,2.3,a,19,21,0,147298,12233,100198,3789,0.0,0.0,Johnson,0,0,0,0,0,0,0,0,0,0,0,0,0,0.0,0.0,0.0,0.0
566,41464,4,0,Marko,0.0,385,70,0.0,Arnautovic,0.1,u,19,21,0,1284,12,7662,15,0.0,0.0,Arnautovic,0,0,0,0,0,0,0,0,0,0,0,0,0,0.0,0.0,0.0,0.0
567,43020,4,0,Javier,0.0,386,60,4.5,Hernandez Balcazar,0.3,u,19,21,9,87051,9,142096,45,0.0,1.5,Chicharito,106,1,0,0,4,0,0,0,0,0,0,2,27,35.6,2.2,39.0,7.7
568,209925,4,0,Alexandre Nascimento,0.0,387,43,0.0,Costa Silva,0.9,d,19,21,0,76260,609,161818,758,0.0,0.0,Xande Silva,0,0,0,0,0,0,0,0,0,0,0,0,0,0.0,0.0,0.0,0.0
569,37096,1,2,Lukasz,2.0,388,49,3.9,Fabianski,2.0,a,19,21,55,327417,1361,533326,805,0.4,11.2,Fabianski,1127,0,0,4,20,0,1,0,1,0,44,5,256,327.6,0.0,0.0,32.8
570,57531,3,2,Michail,1.5,389,69,2.5,Antonio,0.7,a,19,21,33,25064,1293,80978,228,0.2,4.8,Antonio,848,1,2,2,17,0,0,0,0,0,0,0,81,152.6,161.6,465.0,77.9
571,101537,3,2,Felipe Anderson,0.5,390,66,3.0,Pereira Gomes,2.6,a,19,21,59,178517,1116,557858,524,0.1,8.9,Felipe Anderson,1401,1,4,6,26,0,0,0,1,0,0,1,285,371.2,401.2,352.0,112.6
572,86934,3,0,Manuel,0.8,391,62,2.4,Lanzini,0.7,a,19,21,45,267989,121,315305,466,0.1,7.3,Lanzini,1182,0,3,2,24,0,0,0,0,0,0,3,221,203.6,422.8,235.0,86.1
573,56377,3,0,Andriy,0.0,392,53,3.3,Yarmolenko,0.8,i,19,21,49,596556,7,581521,549,0.0,9.2,Yarmolenko,822,3,1,3,14,0,0,0,2,0,0,8,156,188.0,208.4,248.0,64.2
574,18987,3,5,Robert,6.8,393,52,3.9,Snodgrass,1.6,a,19,21,85,179013,27356,94635,4436,1.3,16.3,Snodgrass,1491,5,5,3,33,0,0,0,4,0,0,8,304,418.4,551.0,320.0,129.2
575,54102,3,0,Jack,0.0,394,47,1.0,Wilshere,0.2,i,19,21,6,8685,6,34727,58,0.0,1.3,Wilshere,174,0,0,0,4,0,0,0,0,0,0,0,14,5.0,6.5,4.0,1.4
576,204480,3,4,Declan,2.5,395,47,2.3,Rice,1.5,a,19,21,62,106411,2389,179852,1929,0.5,13.2,Rice,2430,0,2,6,48,0,0,0,5,0,0,1,412,477.0,214.9,160.0,85.2
577,18073,3,1,Mark,1.5,396,50,3.3,Noble,1.5,a,19,21,80,252400,2487,180504,4843,0.3,16.0,Noble,1969,4,2,6,35,0,0,0,4,0,0,6,368,389.0,240.9,150.0,78.1
578,42824,3,0,Carlos,0.0,397,43,1.2,Sanchez,0.5,a,19,21,7,45887,1322,43358,1096,0.0,1.6,Carlos Sánchez,112,0,0,0,2,0,0,0,0,0,0,0,20,8.4,3.7,0.0,1.1
579,179830,3,0,Grady,0.0,398,44,0.0,Diangana,0.1,n,19,21,0,7847,24,11197,52,0.0,0.0,Diangana,0,0,0,0,0,0,0,0,0,0,0,0,0,0.0,0.0,0.0,0.0
580,217593,3,6,Pablo,2.0,399,60,2.4,Fornals,0.3,a,19,21,61,33335,408,73022,350,0.3,10.2,Fornals,1281,2,3,4,24,0,0,0,1,0,0,3,212,247.8,245.6,282.0,77.6
581,59779,3,0,Pedro,0.0,400,45,0.0,Obiang,0.0,u,19,21,0,1784,4,5343,12,0.0,0.0,Obiang,0,0,0,0,0,0,0,0,0,0,0,0,0,0.0,0.0,0.0,0.0
582,40694,1,0,Roberto,0.0,450,44,2.2,Jimenez Gago,0.3,n,19,21,18,66220,13,70666,407,0.0,4.1,Roberto,686,0,0,0,17,1,0,0,0,0,36,1,134,239.0,0.0,0.0,23.9
583,103123,4,1,Sebastien,1.2,457,68,3.4,Haller,2.3,a,19,21,86,664094,1692,791994,3279,0.2,12.6,Haller,1964,6,3,5,38,0,0,0,1,0,0,8,273,370.0,289.0,845.0,149.7
584,181008,4,0,Albian,0.0,514,57,1.0,Ajeti,0.0,a,19,21,8,2600,32,5243,36,0.0,1.4,Ajeti,128,0,0,0,3,0,0,0,0,0,0,0,14,5.2,22.9,46.0,7.3
585,19194,1,0,David,0.0,553,40,4.0,Martin,1.7,a,19,21,20,195824,1509,93167,4058,0.0,5.0,Martin,435,0,0,2,6,0,0,0,1,0,15,2,86,112.0,0.0,0.0,11.2
586,183487,3,0,Nathan,0.0,568,44,1.0,Holland,0.0,n,19,21,2,663,9,640,10,0.0,0.5,Holland,31,0,0,0,1,0,0,0,0,0,0,0,10,12.6,3.8,9.0,2.5
587,447879,1,0,Joseph,0.0,582,40,0.0,Anang,0.1,a,19,21,0,12861,150,4749,276,0.0,0.0,Anang,0,0,0,0,0,0,0,0,0,0,0,0,0,0.0,0.0,0.0,0.0
588,232391,2,1,Jeremy,0.5,593,40,1.0,Ngakia,0.1,a,19,21,2,3111,1129,809,161,0.1,0.5,Ngakia,180,0,0,0,5,0,0,0,0,0,0,0,20,31.2,8.2,0.0,3.9
589,459373,2,0,Goncalo Bento,0.0,594,40,0.0,Soares Cardoso,0.0,a,19,21,0,1240,156,453,80,0.0,0.0,Cardoso,0,0,0,0,0,0,0,0,0,0,0,0,0,0.0,0.0,0.0,0.0
590,243710,3,0,Bernardo,0.0,595,45,0.0,Costa Da Rosa,0.0,a,19,21,0,295,28,153,15,0.0,0.0,Rosa,0,0,0,0,0,0,0,0,0,0,0,0,0,0.0,0.0,0.0,0.0
591,32259,1,0,Darren,0.0,606,42,1.5,Randolph,0.1,a,19,21,3,18868,83,11268,545,0.0,0.7,Randolph,180,0,0,0,5,0,0,0,0,0,6,0,27,49.6,0.0,0.0,4.9
592,215439,3,1,Tomas,1.7,616,50,1.7,Soucek,0.0,i,19,21,5,1104,43,378,170,0.3,1.0,Soucek,220,0,0,0,6,0,0,0,0,0,0,0,27,54.2,13.3,45.0,11.3
593,178186,3,1,Jarrod,1.0,626,65,1.0,Bowen,0.0,a,19,21,2,3629,449,708,212,0.2,0.3,Bowen,16,0,0,0,0,0,0,0,0,0,0,0,2,4.2,0.6,19.0,2.4
594,87835,2,10,Matt,7.3,401,61,4.0,Doherty,5.0,a,20,39,99,510418,30519,450772,5257,1.2,16.2,Doherty,1967,3,4,6,24,0,0,0,1,0,0,7,354,379.4,218.5,595.0,119.5
595,114128,2,6,Jonathan,6.0,402,54,2.8,Castro Otto,1.0,d,20,39,74,91825,779,105115,2797,1.1,13.7,Jonny,2193,1,2,6,29,0,0,0,4,0,0,0,368,420.8,307.4,262.0,99.1
596,94147,2,5,Conor,6.7,403,50,2.8,Coady,1.8,a,20,39,75,134769,7312,124975,2335,1.3,15.0,Coady,2430,0,0,7,32,0,0,0,3,0,0,5,449,400.4,63.9,0.0,46.3
597,90585,2,6,Willy,6.0,405,47,4.7,Boly,3.0,a,20,39,52,428036,16633,670838,2273,1.3,11.1,Boly,990,0,1,6,7,0,0,0,0,1,0,7,240,259.0,57.2,31.0,34.9
598,216054,2,1,Ruben Goncalo,0.3,406,42,1.5,Silva Nascimento Vinagre,0.2,a,20,39,16,14560,172,24012,125,0.1,3.8,Vinagre,348,0,0,1,4,0,0,0,1,0,0,0,84,76.8,83.2,44.0,20.3
599,107613,2,11,Romain,7.7,407,45,2.8,Saiss,2.0,a,20,39,64,192208,54357,80952,2508,1.7,14.5,Saïss,1803,2,2,5,26,0,0,0,7,1,0,3,331,438.8,131.4,266.0,83.7
600,214048,2,0,Max,0.0,408,40,1.7,Kilman,2.0,a,20,39,5,141503,599,148401,1858,0.0,1.2,Kilman,184,0,0,0,2,0,0,0,0,0,0,0,24,35.2,1.2,0.0,3.7
601,102057,4,5,Raul,3.0,409,79,5.1,Jimenez,29.5,a,20,39,138,3311212,77274,2633701,36791,0.4,17.7,Jiménez,2278,12,6,8,29,0,0,0,3,0,0,22,489,680.8,521.2,1278.0,247.3
602,194634,4,16,Diogo,6.7,410,62,3.2,Jota,4.1,a,20,39,74,341553,80918,889391,3599,1.1,12.1,Jota,1607,5,2,6,22,0,0,0,3,0,0,9,242,325.4,329.2,886.0,154.2
603,38533,1,7,Rui Pedro,8.3,411,51,4.0,dos Santos Patricio,9.2,a,20,39,108,933300,14830,722602,5477,1.6,21.2,Patrício,2430,0,0,7,32,0,2,0,0,0,73,8,479,603.4,0.0,0.0,60.6
604,19236,1,0,John,0.0,412,43,0.0,Ruddy,0.4,a,20,39,0,6651,47,20644,142,0.0,0.0,Ruddy,0,0,0,0,0,0,0,0,0,0,0,0,0,0.0,0.0,0.0,0.0
605,168399,1,0,Will,0.0,413,39,0.0,Norris,0.6,n,20,39,0,25441,2043,41037,617,0.0,0.0,Norris,0,0,0,0,0,0,0,0,0,0,0,0,0,0.0,0.0,0.0,0.0
606,171317,3,3,Ruben Diogo,2.3,414,52,2.4,da Silva Neves,4.5,a,20,39,66,347668,4200,611903,2860,0.4,12.7,Neves,2122,2,1,7,27,0,0,0,7,0,0,4,345,381.2,272.8,219.0,87.6
607,19624,3,3,Joao Filipe Iria,2.0,415,54,3.3,Santos Moutinho,5.1,a,20,39,89,568280,7624,670185,9301,0.4,16.5,Moutinho,2254,1,7,6,30,0,0,0,5,0,0,11,471,581.6,910.6,109.0,160.5
608,222531,3,0,Morgan,0.0,416,47,2.0,Gibbs-White,0.1,a,20,39,8,2927,40,7278,60,0.0,1.7,Gibbs-White,122,0,1,0,2,0,0,0,0,0,0,0,31,6.2,43.5,12.0,6.2
609,159533,3,1,Adama,1.7,417,59,4.0,Traore,21.1,a,20,39,105,2460972,38370,996150,73165,0.3,17.8,Traoré,1969,4,7,4,28,0,0,0,0,0,0,14,444,600.2,581.3,482.0,166.5
610,165808,3,0,Helder,0.0,418,49,0.0,Costa,0.0,n,20,39,0,840,38,1800,13,0.0,0.0,Costa,0,0,0,0,0,0,0,0,0,0,0,0,0,0.0,0.0,0.0,0.0
611,166324,3,0,Ivan,0.0,419,49,0.0,Cavaleiro,0.0,u,20,39,0,666,12,1059,7,0.0,0.0,Cavaleiro,0,0,0,0,0,0,0,0,0,0,0,0,0,0.0,0.0,0.0,0.0
612,151589,3,3,Leander,2.0,420,44,2.5,Dendoncker,9.5,a,20,39,67,951397,10984,1214302,15221,0.5,15.2,Dendoncker,2178,2,0,6,29,1,0,0,3,0,0,6,321,405.8,110.4,200.0,71.6
613,178876,2,0,Jesus,0.0,473,46,0.5,Vallejo Lazaro,0.2,u,20,39,1,5415,2,23936,116,0.0,0.2,Vallejo,162,0,0,0,6,0,0,0,1,0,0,0,22,35.6,7.0,0.0,4.3
614,209353,4,0,Patrick,0.0,487,55,1.9,Cutrone,0.5,n,20,39,23,26270,29,94018,161,0.0,4.2,Cutrone,292,2,0,1,6,0,0,0,0,0,0,0,69,85.2,35.6,155.0,27.5
615,247632,3,1,Pedro,1.7,528,50,2.0,Lomba Neto,0.2,a,20,39,41,26733,843,15104,1555,0.3,8.2,Neto,706,2,2,1,8,0,0,0,2,0,0,0,133,155.8,171.5,198.0,52.4
616,194798,4,0,Bernard,0.0,559,45,0.0,Ashley-Seal,0.1,n,20,39,0,6253,138,5419,98,0.0,0.0,Ashley-Seal,0,0,0,0,0,0,0,0,0,0,0,0,0,0.0,0.0,0.0,0.0
617,232361,3,0,Taylor,0.0,560,45,0.0,Perry,0.0,a,20,39,0,2310,37,1823,43,0.0,0.0,Perry,0,0,0,0,0,0,0,0,0,0,0,0,0,0.0,0.0,0.0,0.0
618,250604,3,0,Owen,0.0,566,45,0.0,Otasowie,0.0,a,20,39,0,445,10,378,15,0.0,0.0,Otasowie,0,0,0,0,0,0,0,0,0,0,0,0,0,0.0,0.0,0.0,0.0
619,245923,3,0,Luke,0.0,567,45,0.0,Cundle,0.0,a,20,39,0,1608,27,1080,39,0.0,0.0,Cundle,0,0,0,0,0,0,0,0,0,0,0,0,0,0.0,0.0,0.0,0.0
620,179456,2,0,Oskar,0.0,587,40,0.0,Buur,0.1,a,20,39,0,4044,482,1560,247,0.0,0.0,Buur,0,0,0,0,0,0,0,0,0,0,0,0,0,0.0,0.0,0.0,0.0
621,232351,2,0,Ryan,0.0,607,40,0.0,Giles,0.0,n,20,39,0,914,20,572,47,0.0,0.0,Giles,0,0,0,0,0,0,0,0,0,0,0,0,0,0.0,0.0,0.0,0.0
622,428610,3,0,Bruno Andre,0.0,609,45,0.0,Cavaco Jordao,0.0,a,20,39,0,493,64,227,35,0.0,0.0,Jordao,0,0,0,0,0,0,0,0,0,0,0,0,0,0.0,0.0,0.0,0.0
623,200600,3,0,Daniel,0.7,619,53,1.0,Castelo Podence,0.0,a,20,39,2,2381,51,1034,324,0.1,0.4,Podence,26,0,0,0,0,0,0,0,0,0,0,0,7,6.4,15.4,18.0,4.0
