id,fixture_id,stats.minutes,stats.goals_scored,stats.assists,stats.clean_sheets,stats.goals_conceded,stats.own_goals,stats.penalties_saved,stats.penalties_missed,stats.yellow_cards,stats.red_cards,stats.saves,stats.bonus,stats.bps,stats.influence,stats.creativity,stats.threat,stats.ict_index,stats.total_points,stats.in_dreamteam,gw
14,51,90,0,0,0,2,0,0,0,1,0,7,0,20,37.4,0.0,0.0,3.7,2,False,6
27,51,0,0,0,0,0,0,0,0,0,0,0,0,0,0.0,0.0,0.0,0.0,0,False,6
47,58,90,0,0,1,0,0,0,0,0,0,4,3,37,30.6,0.0,0.0,3.1,10,False,6
48,58,0,0,0,0,0,0,0,0,0,0,0,0,0,0.0,0.0,0.0,0.0,0,False,6
72,59,0,0,0,0,0,0,0,0,0,0,0,0,0,0.0,0.0,0.0,0.0,0,False,6
73,59,0,0,0,0,0,0,0,0,0,0,0,0,0,0.0,0.0,0.0,0.0,0,False,6
74,59,0,0,0,0,0,0,0,0,0,0,0,0,0,0.0,0.0,0.0,0.0,0,False,6
93,52,90,0,0,1,0,0,0,0,0,0,2,0,24,15.0,0.0,0.0,1.5,6,False,6
94,51,90,0,0,0,3,0,0,0,0,0,3,0,14,21.8,0.0,0.0,2.2,2,False,6
95,52,0,0,0,0,0,0,0,0,0,0,0,0,0,0.0,0.0,0.0,0.0,0,False,6
111,53,90,0,0,0,2,0,0,0,0,0,1,0,10,11.6,0.0,0.0,1.2,1,False,6
112,53,0,0,0,0,0,0,0,0,0,0,0,0,0,0.0,0.0,0.0,0.0,0,False,6
131,54,90,0,0,0,1,0,0,0,0,0,3,0,14,25.8,0.0,0.0,2.6,3,False,6
132,54,0,0,0,0,0,0,0,0,0,0,0,0,0,0.0,0.0,0.0,0.0,0,False,6
148,55,90,0,0,0,2,0,0,0,0,0,0,0,8,3.8,0.0,0.0,0.4,1,False,6
149,55,0,0,0,0,0,0,0,0,0,0,0,0,0,0.0,0.0,0.0,0.0,0,False,6
168,56,90,0,0,0,1,0,0,0,0,0,3,0,16,23.6,0.0,0.0,2.4,3,False,6
169,56,0,0,0,0,0,0,0,0,0,0,0,0,0,0.0,0.0,0.0,0.0,0,False,6
170,56,0,0,0,0,0,0,0,0,0,0,0,0,0,0.0,0.0,0.0,0.0,0,False,6
189,53,0,0,0,0,0,0,0,0,0,0,0,0,0,0.0,0.0,0.0,0.0,0,False,6
190,53,0,0,0,0,0,0,0,0,0,0,0,0,0,0.0,0.0,0.0,0.0,0,False,6
212,57,90,0,0,1,0,0,0,0,0,0,4,0,30,33.4,0.0,0.0,3.3,7,False,6
213,57,0,0,0,0,0,0,0,0,0,0,0,0,0,0.0,0.0,0.0,0.0,0,False,6
235,60,90,0,0,0,2,0,0,0,0,0,4,0,16,27.6,0.0,0.0,2.8,2,False,6
236,60,0,0,0,0,0,0,0,0,0,0,0,0,0,0.0,0.0,0.0,0.0,0,False,6
237,60,0,0,0,0,0,0,0,0,0,0,0,0,0,0.0,0.0,0.0,0.0,0,False,6
262,58,90,0,0,1,0,0,0,0,0,0,2,0,24,13.8,0.0,0.0,1.4,6,False,6
263,58,0,0,0,0,0,0,0,0,0,0,0,0,0,0.0,0.0,0.0,0.0,0,False,6
264,58,0,0,0,0,0,0,0,0,0,0,0,0,0,0.0,0.0,0.0,0.0,0,False,6
280,52,90,0,0,0,2,0,0,0,0,0,4,0,17,31.2,0.0,0.0,3.1,2,False,6
281,52,0,0,0,0,0,0,0,0,0,0,0,0,0,0.0,0.0,0.0,0.0,0,False,6
299,55,0,0,0,0,0,0,0,0,0,0,0,0,0,0.0,0.0,0.0,0.0,0,False,6
317,59,0,0,0,0,0,0,0,0,0,0,0,0,0,0.0,0.0,0.0,0.0,0,False,6
318,59,0,0,0,0,0,0,0,0,0,0,0,0,0,0.0,0.0,0.0,0.0,0,False,6
319,59,90,0,0,0,3,0,0,0,0,0,0,0,7,1.6,0.0,0.0,0.2,1,False,6
340,56,0,0,0,0,0,0,0,0,0,0,0,0,0,0.0,0.0,0.0,0.0,0,False,6
341,56,90,0,0,0,2,0,0,0,0,0,5,0,18,38.6,0.0,0.0,3.9,2,False,6
366,57,90,0,0,0,8,0,0,0,0,0,3,0,10,11.2,0.0,0.0,1.1,-1,False,6
367,57,0,0,0,0,0,0,0,0,0,0,0,0,0,0.0,0.0,0.0,0.0,0,False,6
388,60,90,0,0,1,0,0,0,0,0,0,3,1,26,24.0,0.0,0.0,2.4,8,False,6
411,54,90,0,0,0,1,0,0,0,0,0,4,0,17,34.8,0.0,0.0,3.5,3,False,6
412,54,0,0,0,0,0,0,0,0,0,0,0,0,0,0.0,0.0,0.0,0.0,0,False,6
413,54,0,0,0,0,0,0,0,0,0,0,0,0,0,0.0,0.0,0.0,0.0,0,False,6
427,51,0,0,0,0,0,0,0,0,0,0,0,0,0,0.0,0.0,0.0,0.0,0,False,6
429,51,0,0,0,0,0,0,0,0,0,0,0,0,0,0.0,0.0,0.0,0.0,0,False,6
436,55,0,0,0,0,0,0,0,0,0,0,0,0,0,0.0,0.0,0.0,0.0,0,False,6
449,52,0,0,0,0,0,0,0,0,0,0,0,0,0,0.0,0.0,0.0,0.0,0,False,6
450,60,0,0,0,0,0,0,0,0,0,0,0,0,0,0.0,0.0,0.0,0.0,0,False,6
471,55,90,0,0,1,0,0,0,0,1,0,3,0,25,22.6,0.0,0.0,2.3,6,False,6
474,51,0,0,0,0,0,0,0,0,0,0,0,0,0,0.0,0.0,0.0,0.0,0,False,6
479,55,0,0,0,0,0,0,0,0,0,0,0,0,0,0.0,0.0,0.0,0.0,0,False,6
494,59,90,0,1,0,1,0,0,0,0,0,6,3,34,56.0,10.0,0.0,6.6,10,True,6
495,52,0,0,0,0,0,0,0,0,0,0,0,0,0,0.0,0.0,0.0,0.0,0,False,6
513,57,0,0,0,0,0,0,0,0,0,0,0,0,0,0.0,0.0,0.0,0.0,0,False,6
521,55,0,0,0,0,0,0,0,0,0,0,0,0,0,0.0,0.0,0.0,0.0,0,False,6
526,53,90,0,0,0,1,0,0,0,0,0,1,0,12,12.4,0.0,0.0,1.2,2,False,6
530,53,0,0,0,0,0,0,0,0,0,0,0,0,0,0.0,0.0,0.0,0.0,0,False,6
531,53,0,0,0,0,0,0,0,0,0,0,0,0,0,0.0,0.0,0.0,0.0,0,False,6
543,56,0,0,0,0,0,0,0,0,0,0,0,0,0,0.0,0.0,0.0,0.0,0,False,6
1,51,0,0,0,0,0,0,0,0,0,0,0,0,0,0.0,0.0,0.0,0.0,0,False,6
2,51,0,0,0,0,0,0,0,0,0,0,0,0,0,0.0,0.0,0.0,0.0,0,False,6
3,51,90,0,0,0,2,0,0,0,0,0,0,0,19,17.4,13.8,10.0,4.1,1,False,6
4,51,40,0,0,0,2,0,0,0,0,1,0,0,-12,0.0,12.6,8.0,1.6,-3,False,6
5,51,90,0,0,0,2,0,0,0,0,0,0,0,12,18.6,10.5,8.0,3.7,1,False,6
6,51,0,0,0,0,0,0,0,0,0,0,0,0,0,0.0,0.0,0.0,0.0,0,False,6
7,51,0,0,0,0,0,0,0,0,0,0,0,0,0,0.0,0.0,0.0,0.0,0,False,6
8,51,0,0,0,0,0,0,0,0,0,0,0,0,0,0.0,0.0,0.0,0.0,0,False,6
9,51,0,0,0,0,0,0,0,0,0,0,0,0,0,0.0,0.0,0.0,0.0,0,False,6
10,51,0,0,0,0,0,0,0,0,0,0,0,0,0,0.0,0.0,0.0,0.0,0,False,6
22,51,22,0,0,0,2,0,0,0,0,0,0,0,3,3.0,14.5,0.0,1.8,0,False,6
23,51,0,0,0,0,0,0,0,0,0,0,0,0,0,0.0,0.0,0.0,0.0,0,False,6
24,51,90,0,0,0,3,0,0,0,0,0,0,0,12,10.6,1.9,0.0,1.3,1,False,6
25,51,0,0,0,0,0,0,0,0,0,0,0,0,0,0.0,0.0,0.0,0.0,0,False,6
37,58,0,0,0,0,0,0,0,0,0,0,0,0,0,0.0,0.0,0.0,0.0,0,False,6
38,58,90,0,0,1,0,0,0,0,0,0,0,0,20,15.2,4.1,2.0,2.1,6,False,6
39,58,0,0,0,0,0,0,0,0,0,0,0,0,0,0.0,0.0,0.0,0.0,0,False,6
40,58,0,0,0,0,0,0,0,0,0,0,0,0,0,0.0,0.0,0.0,0.0,0,False,6
41,58,9,0,0,0,0,0,0,0,0,0,0,0,3,0.4,0.8,0.0,0.1,1,False,6
42,58,90,0,0,1,0,0,0,0,1,0,0,1,26,21.0,0.6,36.0,5.8,6,False,6
43,58,0,0,0,0,0,0,0,0,0,0,0,0,0,0.0,0.0,0.0,0.0,0,False,6
58,59,90,0,0,0,1,0,0,0,0,0,0,0,14,30.6,0.0,0.0,3.1,2,False,6
59,59,90,1,0,0,1,0,0,0,0,0,0,0,26,51.0,0.1,17.0,6.8,8,False,6
60,59,0,0,0,0,0,0,0,0,0,0,0,0,0,0.0,0.0,0.0,0.0,0,False,6
61,59,0,0,0,0,0,0,0,0,0,0,0,0,0,0.0,0.0,0.0,0.0,0,False,6
62,59,0,0,0,0,0,0,0,0,0,0,0,0,0,0.0,0.0,0.0,0.0,0,False,6
63,59,0,0,0,0,0,0,0,0,0,0,0,0,0,0.0,0.0,0.0,0.0,0,False,6
64,59,0,0,0,0,0,0,0,0,0,0,0,0,0,0.0,0.0,0.0,0.0,0,False,6
65,59,90,0,1,0,1,0,0,0,0,0,0,0,25,32.2,15.0,8.0,5.5,5,False,6
66,59,0,0,0,0,0,0,0,0,0,0,0,0,0,0.0,0.0,0.0,0.0,0,False,6
83,52,90,0,0,1,0,0,0,0,0,0,0,0,22,17.2,0.3,0.0,1.8,6,False,6
84,52,90,0,0,1,0,0,0,0,0,0,0,0,23,15.4,0.0,0.0,1.5,6,False,6
85,52,90,0,0,1,0,0,0,0,0,0,0,0,25,18.6,40.0,2.0,6.1,6,False,6
86,52,0,0,0,0,0,0,0,0,0,0,0,0,0,0.0,0.0,0.0,0.0,0,False,6
87,52,0,0,0,0,0,0,0,0,0,0,0,0,0,0.0,0.0,0.0,0.0,0,False,6
88,52,0,0,0,0,0,0,0,0,0,0,0,0,0,0.0,0.0,0.0,0.0,0,False,6
89,52,0,0,0,0,0,0,0,0,0,0,0,0,0,0.0,0.0,0.0,0.0,0,False,6
103,53,75,0,0,0,1,0,0,0,1,0,0,0,17,13.0,43.3,3.0,5.9,1,False,6
104,53,0,0,0,0,0,0,0,0,0,0,0,0,0,0.0,0.0,0.0,0.0,0,False,6
105,53,90,0,1,0,2,0,0,0,0,0,0,0,27,38.8,54.9,6.0,10.0,4,False,6
106,51,90,0,0,0,2,0,0,0,0,0,0,0,15,23.2,0.8,13.0,3.7,1,False,6
107,53,14,0,0,0,1,0,0,0,0,0,0,0,3,0.0,0.1,0.0,0.0,1,False,6
108,53,41,0,0,0,2,0,0,0,0,0,0,0,7,8.0,13.3,0.0,2.1,0,False,6
109,53,0,0,0,0,0,0,0,0,0,0,0,0,0,0.0,0.0,0.0,0.0,0,False,6
122,60,90,0,0,0,2,0,0,0,0,0,0,0,16,18.8,2.4,2.0,2.3,1,False,6
123,54,90,0,0,0,1,0,0,0,0,0,0,0,10,11.2,3.2,12.0,2.6,2,False,6
124,54,0,0,0,0,0,0,0,0,0,0,0,0,0,0.0,0.0,0.0,0.0,0,False,6
125,54,90,0,0,0,1,0,0,0,0,0,0,0,14,13.6,0.4,4.0,1.8,2,False,6
126,54,90,0,1,0,1,0,0,0,0,0,0,1,22,17.0,7.3,1.0,2.5,6,False,6
127,54,0,0,0,0,0,0,0,0,0,0,0,0,0,0.0,0.0,0.0,0.0,0,False,6
128,54,0,0,0,0,0,0,0,0,0,0,0,0,0,0.0,0.0,0.0,0.0,0,False,6
141,55,90,0,0,0,2,0,0,0,0,0,0,0,12,13.6,19.3,25.0,5.8,1,False,6
142,55,90,0,0,0,2,1,0,0,0,0,0,0,8,9.8,0.8,4.0,1.5,-1,False,6
143,55,90,0,0,0,2,0,0,0,0,0,0,0,14,10.8,1.7,2.0,1.5,1,False,6
144,55,70,0,0,0,1,0,0,0,0,0,0,0,15,13.8,9.1,8.0,3.1,2,False,6
145,55,0,0,0,0,0,0,0,0,0,0,0,0,0,0.0,0.0,0.0,0.0,0,False,6
159,56,90,1,0,0,1,0,0,0,0,0,0,1,25,51.8,12.3,24.0,8.8,9,True,6
160,60,90,0,0,0,2,0,0,0,0,0,0,0,9,19.6,0.3,21.0,4.1,1,False,6
161,56,90,0,0,0,1,0,0,0,0,0,0,0,13,21.6,12.6,2.0,3.6,2,False,6
162,56,90,0,0,0,1,0,0,0,0,0,0,0,11,22.0,0.1,0.0,2.2,2,False,6
163,56,0,0,0,0,0,0,0,0,0,0,0,0,0,0.0,0.0,0.0,0.0,0,False,6
164,56,90,0,0,0,1,0,0,0,0,0,0,0,21,24.2,0.6,0.0,2.5,2,False,6
165,56,0,0,0,0,0,0,0,0,0,0,0,0,0,0.0,0.0,0.0,0.0,0,False,6
181,53,90,0,1,0,1,0,0,0,0,0,0,3,30,37.6,16.7,2.0,5.6,8,False,6
182,53,90,1,0,0,1,0,0,0,1,0,0,0,24,51.0,29.8,7.0,8.8,7,False,6
183,53,90,0,0,0,1,0,0,0,0,0,0,0,13,14.2,0.5,0.0,1.5,2,False,6
184,53,1,0,0,0,0,0,0,0,0,0,0,0,3,1.0,0.0,0.0,0.1,1,False,6
185,53,90,0,0,0,1,0,0,0,0,0,0,0,13,26.2,0.3,4.0,3.1,2,False,6
186,53,0,0,0,0,0,0,0,0,0,0,0,0,0,0.0,0.0,0.0,0.0,0,False,6
202,57,0,0,0,0,0,0,0,0,0,0,0,0,0,0.0,0.0,0.0,0.0,0,False,6
203,57,53,0,0,0,0,0,0,0,0,0,0,0,8,3.4,2.8,1.0,0.7,1,False,6
204,57,45,0,0,0,0,0,0,0,0,0,0,0,6,1.2,4.3,0.0,0.6,1,False,6
205,55,90,0,0,0,2,0,0,0,0,0,0,0,13,16.6,16.1,0.0,3.3,1,False,6
206,57,0,0,0,0,0,0,0,0,0,0,0,0,0,0.0,0.0,0.0,0.0,0,False,6
207,57,0,0,0,0,0,0,0,0,0,0,0,0,0,0.0,0.0,0.0,0.0,0,False,6
208,57,62,1,1,1,0,0,0,0,0,0,0,0,47,43.8,0.4,51.0,9.5,15,True,6
209,57,0,0,0,0,0,0,0,0,0,0,0,0,0,0.0,0.0,0.0,0.0,0,False,6
223,60,0,0,0,0,0,0,0,0,0,0,0,0,0,0.0,0.0,0.0,0.0,0,False,6
224,60,90,0,0,0,2,0,0,0,1,0,0,0,10,7.0,10.0,0.0,1.7,0,False,6
225,60,90,0,0,0,2,0,0,0,0,0,0,0,13,11.0,10.7,0.0,2.2,1,False,6
226,60,0,0,0,0,0,0,0,0,0,0,0,0,0,0.0,0.0,0.0,0.0,0,False,6
227,60,0,0,0,0,0,0,0,0,0,0,0,0,0,0.0,0.0,0.0,0.0,0,False,6
228,60,0,0,0,0,0,0,0,0,0,0,0,0,0,0.0,0.0,0.0,0.0,0,False,6
229,60,0,0,0,0,0,0,0,0,0,0,0,0,0,0.0,0.0,0.0,0.0,0,False,6
230,60,0,0,0,0,0,0,0,0,0,0,0,0,0,0.0,0.0,0.0,0.0,0,False,6
231,60,0,0,0,0,0,0,0,0,0,0,0,0,0,0.0,0.0,0.0,0.0,0,False,6
251,58,0,0,0,0,0,0,0,0,0,0,0,0,0,0.0,0.0,0.0,0.0,0,False,6
252,58,90,0,0,1,0,0,0,0,0,0,0,0,20,20.6,0.9,5.0,2.7,6,False,6
253,58,0,0,0,0,0,0,0,0,0,0,0,0,0,0.0,0.0,0.0,0.0,0,False,6
254,58,0,0,0,0,0,0,0,0,0,0,0,0,0,0.0,0.0,0.0,0.0,0,False,6
255,58,90,0,0,1,0,0,0,0,0,0,0,1,26,14.6,12.8,0.0,2.7,7,False,6
256,58,90,0,0,1,0,0,0,0,1,0,0,1,26,20.0,2.0,2.0,2.4,6,False,6
257,58,0,0,0,0,0,0,0,0,0,0,0,0,0,0.0,0.0,0.0,0.0,0,False,6
258,58,90,0,0,1,0,0,0,0,0,0,0,0,21,19.8,0.6,2.0,2.2,6,False,6
259,58,0,0,0,0,0,0,0,0,0,0,0,0,0,0.0,0.0,0.0,0.0,0,False,6
272,52,0,0,0,0,0,0,0,0,0,0,0,0,0,0.0,0.0,0.0,0.0,0,False,6
273,52,90,0,0,0,2,0,0,0,0,0,0,0,16,14.0,0.4,0.0,1.4,1,False,6
274,52,0,0,0,0,0,0,0,0,0,0,0,0,0,0.0,0.0,0.0,0.0,0,False,6
275,52,0,0,0,0,0,0,0,0,0,0,0,0,0,0.0,0.0,0.0,0.0,0,False,6
276,52,90,0,0,0,2,0,0,0,0,0,0,0,13,18.0,22.9,4.0,4.5,1,False,6
277,52,0,0,0,0,0,0,0,0,0,0,0,0,0,0.0,0.0,0.0,0.0,0,False,6
291,55,90,0,0,1,0,0,0,0,0,0,0,2,32,23.6,1.7,2.0,2.7,8,False,6
292,55,0,0,0,0,0,0,0,0,0,0,0,0,0,0.0,0.0,0.0,0.0,0,False,6
293,55,90,0,0,1,0,0,0,0,0,0,0,0,27,32.0,0.3,2.0,3.4,6,False,6
294,55,90,0,0,1,0,0,0,0,1,0,0,0,17,8.8,1.0,0.0,1.0,5,False,6
295,55,90,0,0,1,0,0,0,0,0,0,0,1,29,30.0,0.1,0.0,3.0,7,False,6
296,55,0,0,0,0,0,0,0,0,0,0,0,0,0,0.0,0.0,0.0,0.0,0,False,6
297,55,90,0,1,1,0,0,0,0,0,0,0,3,33,35.6,15.4,0.0,5.1,12,True,6
304,59,90,0,0,0,3,0,0,0,0,0,0,0,14,14.2,1.9,8.0,2.4,1,False,6
305,59,45,0,0,0,1,0,0,0,0,0,0,0,6,8.2,26.7,4.0,3.9,1,False,6
306,59,0,0,0,0,0,0,0,0,0,0,0,0,0,0.0,0.0,0.0,0.0,0,False,6
307,59,90,0,0,0,3,0,0,0,0,0,0,0,13,13.6,0.8,0.0,1.4,1,False,6
308,59,0,0,0,0,0,0,0,0,0,0,0,0,0,0.0,0.0,0.0,0.0,0,False,6
309,51,0,0,0,0,0,0,0,0,0,0,0,0,0,0.0,0.0,0.0,0.0,0,False,6
310,59,0,0,0,0,0,0,0,0,0,0,0,0,0,0.0,0.0,0.0,0.0,0,False,6
311,59,0,0,0,0,0,0,0,0,0,0,0,0,0,0.0,0.0,0.0,0.0,0,False,6
329,56,0,0,0,0,0,0,0,0,0,0,0,0,0,0.0,0.0,0.0,0.0,0,False,6
330,56,90,0,0,0,2,0,0,0,0,0,0,0,16,19.2,0.2,0.0,1.9,1,False,6
331,56,90,0,0,0,2,0,0,0,0,0,0,0,11,22.0,0.3,2.0,2.4,1,False,6
332,56,90,0,0,0,2,0,0,0,0,0,0,0,18,26.2,16.3,6.0,4.9,1,False,6
333,56,0,0,0,0,0,0,0,0,0,0,0,0,0,0.0,0.0,0.0,0.0,0,False,6
334,56,0,0,0,0,0,0,0,0,0,0,0,0,0,0.0,0.0,0.0,0.0,0,False,6
335,56,0,0,0,0,0,0,0,0,0,0,0,0,0,0.0,0.0,0.0,0.0,0,False,6
336,56,90,0,0,0,2,0,0,0,0,0,0,0,7,10.0,26.2,10.0,4.6,1,False,6
337,56,0,0,0,0,0,0,0,0,0,0,0,0,0,0.0,0.0,0.0,0.0,0,False,6
353,57,90,0,0,0,8,0,0,0,0,0,0,0,9,14.8,10.5,0.0,2.5,-2,False,6
354,57,0,0,0,0,0,0,0,0,0,0,0,0,0,0.0,0.0,0.0,0.0,0,False,6
355,57,0,0,0,0,0,0,0,0,0,0,0,0,0,0.0,0.0,0.0,0.0,0,False,6
356,57,90,0,0,0,8,0,0,0,0,0,0,0,18,13.0,0.0,0.0,1.3,-2,False,6
357,57,90,0,0,0,8,0,0,0,1,0,0,0,5,6.0,1.7,0.0,0.8,-3,False,6
358,57,0,0,0,0,0,0,0,0,0,0,0,0,0,0.0,0.0,0.0,0.0,0,False,6
359,57,0,0,0,0,0,0,0,0,0,0,0,0,0,0.0,0.0,0.0,0.0,0,False,6
360,57,0,0,0,0,0,0,0,0,0,0,0,0,0,0.0,0.0,0.0,0.0,0,False,6
361,57,0,0,0,0,0,0,0,0,0,0,0,0,0,0.0,0.0,0.0,0.0,0,False,6
376,60,90,1,0,1,0,0,0,0,0,0,0,2,27,43.8,2.2,10.0,5.6,14,True,6
377,60,90,0,0,1,0,0,0,0,1,0,0,0,25,27.4,0.4,0.0,2.8,5,False,6
378,60,0,0,0,0,0,0,0,0,0,0,0,0,0,0.0,0.0,0.0,0.0,0,False,6
379,60,10,0,0,0,0,0,0,0,0,0,0,0,5,2.6,0.1,0.0,0.3,1,False,6
380,60,79,0,0,1,0,0,0,0,0,0,0,0,24,9.8,3.8,6.0,2.0,6,False,6
381,60,90,0,0,1,0,0,0,0,0,0,0,0,25,11.6,0.7,0.0,1.2,6,False,6
382,60,0,0,0,0,0,0,0,0,0,0,0,0,0,0.0,0.0,0.0,0.0,0,False,6
383,60,0,0,0,0,0,0,0,0,0,0,0,0,0,0.0,0.0,0.0,0.0,0,False,6
384,60,0,0,0,0,0,0,0,0,0,0,0,0,0,0.0,0.0,0.0,0.0,0,False,6
401,54,56,0,0,0,1,0,0,0,0,0,0,0,1,6.8,2.1,33.0,4.2,1,False,6
402,54,90,0,0,0,1,0,0,0,0,0,0,0,15,37.0,16.7,12.0,6.6,2,False,6
403,54,90,0,0,0,1,0,0,0,1,0,0,0,15,14.8,0.2,0.0,1.5,1,False,6
404,54,0,0,0,0,0,0,0,0,0,0,0,0,0,0.0,0.0,0.0,0.0,0,False,6
405,54,90,0,0,0,1,0,0,0,0,0,0,0,14,26.4,1.2,0.0,2.8,2,False,6
406,54,0,0,0,0,0,0,0,0,0,0,0,0,0,0.0,0.0,0.0,0.0,0,False,6
407,54,72,0,0,0,1,0,0,0,0,1,0,0,4,10.0,1.0,0.0,1.1,-1,False,6
408,54,0,0,0,0,0,0,0,0,0,0,0,0,0,0.0,0.0,0.0,0.0,0,False,6
423,55,90,0,0,1,0,0,0,0,0,0,0,0,20,18.8,1.0,4.0,2.4,6,False,6
433,56,0,0,0,0,0,0,0,0,0,0,0,0,0,0.0,0.0,0.0,0.0,0,False,6
439,57,90,0,0,0,8,0,0,0,0,0,0,0,14,32.0,0.1,0.0,3.2,-2,False,6
440,57,45,0,0,0,0,0,0,0,1,0,0,0,14,12.8,34.7,2.0,5.0,0,False,6
444,55,26,0,0,0,0,0,0,0,0,0,0,0,6,13.2,0.0,0.0,1.3,1,False,6
445,51,90,0,0,0,3,0,0,0,0,0,0,0,11,17.6,0.3,4.0,2.2,1,False,6
446,59,90,0,0,0,1,0,0,0,1,0,0,0,6,15.8,0.8,0.0,1.7,1,False,6
447,52,90,0,0,1,0,0,0,0,0,0,0,1,27,16.6,13.7,0.0,3.0,7,False,6
452,51,0,0,0,0,0,0,0,0,0,0,0,0,0,0.0,0.0,0.0,0.0,0,False,6
454,52,90,0,0,0,2,0,0,0,0,0,0,0,12,30.8,7.6,6.0,4.4,1,False,6
455,51,90,0,0,0,3,0,0,0,1,0,0,0,3,12.0,0.3,0.0,1.2,0,False,6
458,51,90,0,0,0,3,0,0,0,0,0,0,0,8,13.6,15.8,0.0,2.9,1,False,6
459,53,48,0,0,0,0,0,0,0,0,0,0,0,8,10.2,0.3,0.0,1.1,1,False,6
467,51,45,1,0,0,1,0,0,0,0,0,0,0,17,44.8,11.0,31.0,8.7,7,False,6
473,54,0,0,0,0,0,0,0,0,0,0,0,0,0,0.0,0.0,0.0,0.0,0,False,6
475,58,90,0,0,1,0,0,0,0,0,0,0,0,25,16.8,22.4,0.0,3.9,6,False,6
477,55,0,0,0,0,0,0,0,0,0,0,0,0,0,0.0,0.0,0.0,0.0,0,False,6
478,55,0,0,0,0,0,0,0,0,0,0,0,0,0,0.0,0.0,0.0,0.0,0,False,6
481,60,0,0,0,0,0,0,0,0,0,0,0,0,0,0.0,0.0,0.0,0.0,0,False,6
484,52,0,0,0,0,0,0,0,0,0,0,0,0,0,0.0,0.0,0.0,0.0,0,False,6
485,59,0,0,0,0,0,0,0,0,0,0,0,0,0,0.0,0.0,0.0,0.0,0,False,6
486,59,90,0,0,0,3,0,0,0,0,0,0,0,16,27.6,47.1,8.0,8.3,1,False,6
493,58,90,0,0,1,0,0,0,0,0,0,0,2,28,18.6,22.2,4.0,4.5,8,False,6
498,58,81,0,0,1,0,0,0,0,0,0,0,0,18,1.6,1.9,18.0,2.2,6,False,6
503,54,90,0,0,0,1,0,0,0,0,0,0,0,16,25.2,10.6,7.0,4.3,2,False,6
506,53,0,0,0,0,0,0,0,0,0,0,0,0,0,0.0,0.0,0.0,0.0,0,False,6
511,55,0,0,0,0,0,0,0,0,0,0,0,0,0,0.0,0.0,0.0,0.0,0,False,6
515,51,0,0,0,0,0,0,0,0,0,0,0,0,0,0.0,0.0,0.0,0.0,0,False,6
518,57,36,0,0,0,0,0,0,0,0,0,0,0,10,5.6,3.1,0.0,0.9,1,False,6
519,58,0,0,0,0,0,0,0,0,0,0,0,0,0,0.0,0.0,0.0,0.0,0,False,6
529,53,90,0,0,0,2,0,0,0,1,0,0,0,16,17.0,10.8,22.0,5.0,0,False,6
532,59,45,0,0,0,2,0,0,0,0,0,0,0,3,5.0,0.5,0.0,0.6,0,False,6
536,58,0,0,0,0,0,0,0,0,0,0,0,0,0,0.0,0.0,0.0,0.0,0,False,6
542,57,32,0,0,0,5,0,0,0,0,0,0,0,5,3.4,0.1,0.0,0.4,-1,False,6
544,57,27,0,0,0,0,0,0,0,0,0,0,0,4,9.6,0.6,0.0,1.0,1,False,6
15,51,0,0,0,0,0,0,0,0,0,0,0,0,0,0.0,0.0,0.0,0.0,0,False,6
16,51,0,0,0,0,0,0,0,0,0,0,0,0,0,0.0,0.0,0.0,0.0,0,False,6
17,55,35,0,0,0,1,0,0,0,0,0,0,0,4,4.4,13.3,2.0,2.0,1,False,6
18,51,71,0,0,0,2,0,0,0,1,0,0,0,7,7.2,16.5,4.0,2.8,1,False,6
19,51,18,0,0,0,0,0,0,0,0,0,0,0,0,2.6,17.6,25.0,4.5,1,False,6
20,51,0,0,0,0,0,0,0,0,0,0,0,0,0,0.0,0.0,0.0,0.0,0,False,6
21,51,90,0,1,0,2,0,0,0,1,0,0,0,19,12.2,37.8,13.0,6.3,4,False,6
28,51,5,0,0,0,0,0,0,0,0,0,0,0,5,2.8,1.0,18.0,2.2,1,False,6
29,51,90,0,1,0,3,0,0,0,0,0,0,1,29,37.4,46.3,6.0,9.0,6,False,6
30,51,85,0,1,0,3,0,0,0,0,0,0,0,21,35.6,30.1,9.0,7.5,5,False,6
31,51,90,1,0,0,3,0,0,0,0,0,0,3,32,50.8,12.0,55.0,11.8,10,False,6
32,51,0,0,0,0,0,0,0,0,0,0,0,0,0,0.0,0.0,0.0,0.0,0,False,6
33,51,0,0,0,0,0,0,0,0,0,0,0,0,0,0.0,0.0,0.0,0.0,0,False,6
34,51,0,0,0,0,0,0,0,0,0,0,0,0,0,0.0,0.0,0.0,0.0,0,False,6
35,51,4,0,0,0,0,0,0,0,0,0,0,0,3,0.2,0.4,2.0,0.3,1,False,6
36,51,0,0,0,0,0,0,0,0,0,0,0,0,0,0.0,0.0,0.0,0.0,0,False,6
49,58,81,0,0,1,0,0,0,0,0,0,0,0,11,3.8,41.3,15.0,6.0,3,False,6
50,58,0,0,0,0,0,0,0,0,0,0,0,0,0,0.0,0.0,0.0,0.0,0,False,6
51,58,0,0,0,0,0,0,0,0,0,0,0,0,0,0.0,0.0,0.0,0.0,0,False,6
52,58,0,0,0,0,0,0,0,0,0,0,0,0,0,0.0,0.0,0.0,0.0,0,False,6
53,58,8,0,0,0,0,0,0,0,0,0,0,0,2,5.2,6.4,7.0,1.9,1,False,6
54,58,90,0,0,1,0,0,0,0,0,0,0,0,12,17.4,44.8,6.0,6.8,3,False,6
55,58,0,0,0,0,0,0,0,0,0,0,0,0,0,0.0,0.0,0.0,0.0,0,False,6
56,58,0,0,0,0,0,0,0,0,0,0,0,0,0,0.0,0.0,0.0,0.0,0,False,6
57,58,90,0,0,1,0,0,0,0,0,0,0,0,16,20.0,25.6,9.0,5.5,3,False,6
75,59,27,0,0,0,0,0,0,0,0,0,0,0,3,2.2,0.1,0.0,0.2,1,False,6
76,59,0,0,0,0,0,0,0,0,0,0,0,0,0,0.0,0.0,0.0,0.0,0,False,6
77,59,0,0,0,0,0,0,0,0,0,0,0,0,0,0.0,0.0,0.0,0.0,0,False,6
78,59,0,0,0,0,0,0,0,0,0,0,0,0,0,0.0,0.0,0.0,0.0,0,False,6
79,59,13,0,0,0,0,0,0,0,0,0,0,0,4,1.2,0.1,0.0,0.1,1,False,6
80,59,1,0,0,0,0,0,0,0,0,0,0,0,3,0.0,0.0,0.0,0.0,1,False,6
81,59,0,0,0,0,0,0,0,0,0,0,0,0,0,0.0,0.0,0.0,0.0,0,False,6
82,59,90,0,0,0,1,0,0,0,1,0,0,0,7,10.0,0.8,0.0,1.1,1,False,6
96,52,0,0,0,0,0,0,0,0,0,0,0,0,0,0.0,0.0,0.0,0.0,0,False,6
97,52,78,0,1,1,0,0,0,0,0,0,0,0,26,25.2,35.0,6.0,6.6,6,False,6
98,52,1,0,0,0,0,0,0,0,0,0,0,0,3,0.0,0.1,0.0,0.0,1,False,6
99,52,0,0,0,0,0,0,0,0,0,0,0,0,0,0.0,0.0,0.0,0.0,0,False,6
100,52,90,0,0,1,0,0,0,0,0,0,0,0,4,7.2,2.8,21.0,3.1,3,False,6
101,52,90,0,1,1,0,0,0,0,0,0,0,2,28,33.8,50.3,10.0,9.4,8,False,6
102,52,90,0,0,1,0,0,0,0,0,0,0,0,18,19.6,23.1,21.0,6.4,3,False,6
113,53,90,0,0,0,2,0,0,0,0,0,0,0,13,7.6,9.6,10.0,2.7,2,False,6
114,53,0,0,0,0,0,0,0,0,0,0,0,0,0,0.0,0.0,0.0,0.0,0,False,6
115,53,0,0,0,0,0,0,0,0,0,0,0,0,0,0.0,0.0,0.0,0.0,0,False,6
116,53,0,0,0,0,0,0,0,0,0,0,0,0,0,0.0,0.0,0.0,0.0,0,False,6
117,53,0,0,0,0,0,0,0,0,0,0,0,0,0,0.0,0.0,0.0,0.0,0,False,6
118,53,90,0,0,0,2,0,0,0,0,0,0,0,14,10.8,17.8,1.0,3.0,2,False,6
119,53,90,1,0,0,2,0,0,0,0,0,0,1,28,43.8,3.5,10.0,5.7,8,False,6
120,52,0,0,0,0,0,0,0,0,0,0,0,0,0,0.0,0.0,0.0,0.0,0,False,6
121,53,0,0,0,0,0,0,0,0,0,0,0,0,0,0.0,0.0,0.0,0.0,0,False,6
133,54,90,0,0,0,1,0,0,0,0,0,0,0,5,30.4,6.5,34.0,7.1,2,False,6
134,54,90,0,0,0,1,0,0,0,0,0,0,0,13,13.8,20.1,9.0,4.3,2,False,6
135,54,0,0,0,0,0,0,0,0,0,0,0,0,0,0.0,0.0,0.0,0.0,0,False,6
136,54,0,0,0,0,0,0,0,0,0,0,0,0,0,0.0,0.0,0.0,0.0,0,False,6
137,54,90,0,0,0,1,0,0,0,0,0,0,0,8,21.6,11.8,41.0,7.4,2,False,6
138,54,82,0,0,1,0,0,0,0,1,0,0,0,10,15.0,23.1,4.0,4.2,2,False,6
139,54,90,0,0,0,1,0,0,0,0,0,0,0,8,14.4,3.0,20.0,3.7,2,False,6
140,54,0,0,0,0,0,0,0,0,0,0,0,0,0,0.0,0.0,0.0,0.0,0,False,6
150,55,90,0,0,0,2,0,0,0,0,0,0,0,2,6.2,17.3,39.0,6.3,2,False,6
151,55,90,0,0,0,2,0,0,0,0,0,0,0,23,19.2,58.0,17.0,9.4,2,False,6
152,55,54,0,0,0,1,0,0,0,1,0,0,0,0,5.8,12.6,6.0,2.4,0,False,6
153,55,19,0,0,0,1,0,0,0,0,0,0,0,4,2.6,5.2,30.0,3.8,1,False,6
154,55,0,0,0,0,0,0,0,0,0,0,0,0,0,0.0,0.0,0.0,0.0,0,False,6
155,55,0,0,0,0,0,0,0,0,0,0,0,0,0,0.0,0.0,0.0,0.0,0,False,6
156,55,0,0,0,0,0,0,0,0,0,0,0,0,0,0.0,0.0,0.0,0.0,0,False,6
157,54,7,0,0,0,1,0,0,0,0,0,0,0,4,3.8,11.0,0.0,1.5,1,False,6
158,55,54,0,0,0,1,0,0,0,0,0,0,0,11,4.2,2.1,3.0,0.9,1,False,6
171,56,90,1,0,0,1,0,0,0,0,0,0,3,33,44.2,30.9,44.0,11.9,10,False,6
172,56,81,0,0,0,1,0,0,0,0,0,0,0,8,9.2,23.3,49.0,8.2,2,False,6
173,56,0,0,0,0,0,0,0,0,0,0,0,0,0,0.0,0.0,0.0,0.0,0,False,6
174,56,0,0,0,0,0,0,0,0,0,0,0,0,0,0.0,0.0,0.0,0.0,0,False,6
175,56,8,0,0,0,0,0,0,0,1,0,0,0,0,0.0,0.0,0.0,0.0,0,False,6
176,56,90,0,0,0,1,0,0,0,0,0,0,0,9,11.6,1.3,1.0,1.4,2,False,6
177,56,0,0,0,0,0,0,0,0,0,0,0,0,0,0.0,0.0,0.0,0.0,0,False,6
178,56,0,0,0,0,0,0,0,0,0,0,0,0,0,0.0,0.0,0.0,0.0,0,False,6
179,56,0,0,0,0,0,0,0,0,0,0,0,0,0,0.0,0.0,0.0,0.0,0,False,6
180,56,6,0,1,0,0,0,0,0,0,0,0,0,13,17.2,10.3,0.0,2.8,4,False,6
191,53,90,0,1,0,1,0,0,0,0,0,0,0,11,14.8,15.3,36.0,6.6,5,False,6
192,53,70,0,0,0,1,0,0,0,0,0,0,0,7,8.2,3.4,6.0,1.8,2,False,6
193,53,0,0,0,0,0,0,0,0,0,0,0,0,0,0.0,0.0,0.0,0.0,0,False,6
194,53,0,0,0,0,0,0,0,0,0,0,0,0,0,0.0,0.0,0.0,0.0,0,False,6
195,53,6,0,0,0,0,0,0,0,0,0,0,0,5,2.0,0.3,0.0,0.2,1,False,6
196,53,0,0,0,0,0,0,0,0,0,0,0,0,0,0.0,0.0,0.0,0.0,0,False,6
197,53,90,0,0,0,1,0,0,0,1,0,0,0,12,15.8,16.4,0.0,3.2,1,False,6
198,53,83,0,0,0,1,0,0,0,0,0,0,0,8,14.2,2.6,2.0,1.9,2,False,6
199,53,90,0,0,0,1,0,0,0,0,0,0,0,4,1.6,2.9,7.0,1.2,2,False,6
200,53,19,0,0,0,0,0,0,0,1,0,0,0,-2,0.8,0.9,0.0,0.2,0,False,6
201,53,0,0,0,0,0,0,0,0,0,0,0,0,0,0.0,0.0,0.0,0.0,0,False,6
214,57,0,0,0,0,0,0,0,0,0,0,0,0,0,0.0,0.0,0.0,0.0,0,False,6
215,57,90,1,2,1,0,0,0,0,0,0,0,3,66,88.4,109.4,40.0,23.8,17,True,6
216,57,0,0,0,0,0,0,0,0,0,0,0,0,0,0.0,0.0,0.0,0.0,0,False,6
217,57,90,1,2,1,0,0,0,0,0,0,0,1,50,69.0,51.8,50.0,17.1,15,True,6
218,57,90,3,0,1,0,0,0,0,1,0,0,2,65,118.0,33.0,102.0,25.3,19,True,6
219,57,90,1,1,1,0,0,0,0,0,0,0,0,44,43.8,21.9,89.0,15.5,11,True,6
220,57,0,0,0,0,0,0,0,0,0,0,0,0,0,0.0,0.0,0.0,0.0,0,False,6
221,57,90,0,0,1,0,0,0,0,0,0,0,0,20,23.0,1.6,2.0,2.7,3,False,6
222,57,0,0,0,0,0,0,0,0,0,0,0,0,0,0.0,0.0,0.0,0.0,0,False,6
238,60,0,0,0,0,0,0,0,0,0,0,0,0,0,0.0,0.0,0.0,0.0,0,False,6
239,60,0,0,0,0,0,0,0,0,0,0,0,0,0,0.0,0.0,0.0,0.0,0,False,6
240,60,0,0,0,0,0,0,0,0,0,0,0,0,0,0.0,0.0,0.0,0.0,0,False,6
241,60,29,0,0,0,1,0,0,0,0,0,0,0,3,0.0,0.8,18.0,1.9,1,False,6
242,60,80,0,0,0,1,0,0,0,1,0,0,0,2,0.0,14.3,17.0,3.0,1,False,6
243,60,90,0,0,0,2,0,0,0,0,0,0,0,7,2.8,16.5,8.0,2.7,2,False,6
244,60,19,0,0,0,1,0,0,0,0,0,0,0,6,7.0,21.3,2.0,3.0,1,False,6
245,60,9,0,0,0,1,0,0,0,0,0,0,0,3,0.2,1.0,0.0,0.1,1,False,6
246,60,90,0,0,0,2,0,0,0,0,0,0,0,11,14.4,17.8,16.0,4.8,2,False,6
247,60,70,0,0,0,1,0,0,0,0,0,0,0,11,11.4,3.9,11.0,2.6,2,False,6
248,60,90,0,0,0,2,0,0,0,0,0,0,0,15,18.2,14.6,25.0,5.8,2,False,6
249,60,0,0,0,0,0,0,0,0,0,0,0,0,0,0.0,0.0,0.0,0.0,0,False,6
250,60,0,0,0,0,0,0,0,0,0,0,0,0,0,0.0,0.0,0.0,0.0,0,False,6
265,56,66,0,0,0,1,0,0,0,0,0,0,0,2,7.2,12.4,21.0,4.1,2,False,6
266,58,72,0,0,1,0,0,0,0,0,0,0,0,11,13.0,0.5,36.0,5.0,3,False,6
267,58,90,0,0,1,0,0,0,0,1,0,0,0,5,2.2,4.5,6.0,1.3,2,False,6
268,58,17,0,0,0,0,0,0,0,0,0,0,0,4,2.2,22.9,0.0,2.5,1,False,6
269,58,72,0,0,1,0,0,0,0,0,0,0,0,15,14.6,48.4,7.0,7.0,3,False,6
270,58,0,0,0,0,0,0,0,0,0,0,0,0,0,0.0,0.0,0.0,0.0,0,False,6
271,58,90,0,0,1,0,0,0,0,0,0,0,0,6,17.4,12.5,0.0,3.0,3,False,6
282,52,0,0,0,0,0,0,0,0,0,0,0,0,0,0.0,0.0,0.0,0.0,0,False,6
283,52,90,0,0,0,2,0,0,0,0,0,0,0,8,10.6,15.3,29.0,5.5,2,False,6
284,52,0,0,0,0,0,0,0,0,0,0,0,0,0,0.0,0.0,0.0,0.0,0,False,6
285,52,74,0,0,0,2,0,0,0,0,0,0,0,8,9.6,17.9,4.0,3.2,2,False,6
286,52,90,0,0,0,2,0,0,0,0,0,0,0,18,8.2,3.0,0.0,1.1,2,False,6
287,52,89,0,0,0,2,0,0,0,0,0,0,0,14,8.2,15.5,28.0,5.2,2,False,6
288,52,77,0,0,0,1,0,0,0,0,0,0,0,14,8.4,34.3,3.0,4.6,2,False,6
289,52,12,0,0,0,1,0,0,0,0,0,0,0,3,0.0,0.0,0.0,0.0,1,False,6
290,52,0,0,0,0,0,0,0,0,0,0,0,0,0,0.0,0.0,0.0,0.0,0,False,6
300,55,0,0,0,0,0,0,0,0,0,0,0,0,0,0.0,0.0,0.0,0.0,0,False,6
301,55,90,0,0,1,0,0,0,0,0,0,0,0,15,28.0,16.6,2.0,4.7,3,False,6
302,55,63,0,1,1,0,0,0,0,1,0,0,0,15,6.4,0.8,0.0,0.7,5,False,6
320,59,87,0,0,0,2,0,0,0,0,0,0,0,9,14.4,40.4,36.0,9.1,2,False,6
321,59,90,1,0,0,3,0,0,0,0,0,0,2,31,38.0,38.3,34.0,11.0,9,False,6
322,59,0,0,0,0,0,0,0,0,0,0,0,0,0,0.0,0.0,0.0,0.0,0,False,6
323,59,2,0,0,0,1,0,0,0,0,0,0,0,2,0.2,0.4,0.0,0.1,1,False,6
324,59,0,0,0,0,0,0,0,0,0,0,0,0,0,0.0,0.0,0.0,0.0,0,False,6
325,59,90,0,0,0,3,0,0,0,0,0,0,0,9,22.2,6.8,59.0,8.8,2,False,6
326,59,0,0,0,0,0,0,0,0,0,0,0,0,0,0.0,0.0,0.0,0.0,0,False,6
327,59,0,0,0,0,0,0,0,0,0,0,0,0,0,0.0,0.0,0.0,0.0,0,False,6
328,59,90,0,0,0,3,0,0,0,1,0,0,0,23,31.6,34.1,0.0,6.6,1,False,6
342,56,90,0,1,0,2,0,0,0,0,0,0,0,15,19.2,36.2,20.0,7.5,5,False,6
343,56,11,0,0,0,1,0,0,0,0,0,0,0,1,0.0,5.4,0.0,0.5,1,False,6
344,56,0,0,0,0,0,0,0,0,0,0,0,0,0,0.0,0.0,0.0,0.0,0,False,6
345,56,4,0,0,0,0,0,0,0,0,0,0,0,2,2.2,1.7,2.0,0.6,1,False,6
346,56,78,0,0,0,1,0,0,0,0,0,0,0,13,11.4,39.6,3.0,5.4,2,False,6
347,56,90,0,0,0,2,0,0,0,0,0,0,0,17,16.0,16.0,0.0,3.2,2,False,6
348,56,23,0,0,0,2,0,0,0,1,0,0,0,2,1.2,0.9,0.0,0.2,0,False,6
349,56,66,0,0,1,0,0,0,0,1,0,0,0,10,1.2,1.5,0.0,0.3,2,False,6
350,56,0,0,0,0,0,0,0,0,0,0,0,0,0,0.0,0.0,0.0,0.0,0,False,6
351,56,0,0,0,0,0,0,0,0,0,0,0,0,0,0.0,0.0,0.0,0.0,0,False,6
352,56,0,0,0,0,0,0,0,0,0,0,0,0,0,0.0,0.0,0.0,0.0,0,False,6
368,57,90,0,0,0,8,0,0,0,0,0,0,0,8,4.8,1.0,0.0,0.6,2,False,6
369,57,57,0,0,0,3,0,0,0,0,0,0,0,-3,3.6,1.4,6.0,1.1,1,False,6
370,57,58,0,0,0,6,0,0,0,0,0,0,0,5,6.4,0.4,2.0,0.9,1,False,6
371,57,90,0,0,0,8,0,0,0,0,0,0,0,10,8.0,11.8,18.0,3.8,2,False,6
372,57,0,0,0,0,0,0,0,0,0,0,0,0,0,0.0,0.0,0.0,0.0,0,False,6
373,57,90,0,0,0,8,0,0,0,0,0,0,0,17,13.6,10.9,0.0,2.5,2,False,6
374,57,0,0,0,0,0,0,0,0,0,0,0,0,0,0.0,0.0,0.0,0.0,0,False,6
375,57,0,0,0,0,0,0,0,0,0,0,0,0,0,0.0,0.0,0.0,0.0,0,False,6
389,60,0,0,0,0,0,0,0,0,0,0,0,0,0,0.0,0.0,0.0,0.0,0,False,6
390,60,69,0,1,1,0,0,0,0,0,0,0,0,25,33.6,27.0,21.0,8.2,6,False,6
391,60,0,0,0,0,0,0,0,0,0,0,0,0,0,0.0,0.0,0.0,0.0,0,False,6
392,60,88,1,0,1,0,0,0,0,0,0,0,3,31,47.2,14.8,47.0,10.9,11,True,6
393,60,1,0,0,0,0,0,0,0,0,0,0,0,3,0.0,0.0,0.0,0.0,1,False,6
394,60,20,0,0,0,0,0,0,0,0,0,0,0,2,0.4,0.8,0.0,0.1,1,False,6
395,60,90,0,0,1,0,0,0,0,0,0,0,0,14,6.2,2.2,0.0,0.8,3,False,6
396,60,90,0,1,1,0,0,0,0,1,0,0,0,16,4.4,14.8,7.0,2.6,5,False,6
397,60,0,0,0,0,0,0,0,0,0,0,0,0,0,0.0,0.0,0.0,0.0,0,False,6
398,60,0,0,0,0,0,0,0,0,0,0,0,0,0,0.0,0.0,0.0,0.0,0,False,6
399,60,90,0,0,1,0,0,0,0,0,0,0,0,13,6.8,14.9,2.0,2.4,3,False,6
400,60,0,0,0,0,0,0,0,0,0,0,0,0,0,0.0,0.0,0.0,0.0,0,False,6
414,54,33,0,0,0,0,0,0,0,0,0,0,0,3,0.0,0.9,1.0,0.2,1,False,6
415,54,90,0,0,0,1,0,0,0,0,0,0,0,8,19.2,17.3,0.0,3.7,2,False,6
416,54,0,0,0,0,0,0,0,0,0,0,0,0,0,0.0,0.0,0.0,0.0,0,False,6
417,54,90,0,1,0,1,0,0,0,0,0,0,3,25,35.6,49.8,29.0,11.4,8,False,6
418,54,0,0,0,0,0,0,0,0,0,0,0,0,0,0.0,0.0,0.0,0.0,0,False,6
419,54,0,0,0,0,0,0,0,0,0,0,0,0,0,0.0,0.0,0.0,0.0,0,False,6
420,54,64,0,0,0,1,1,0,0,0,0,0,0,7,5.2,2.9,38.0,4.6,0,False,6
421,58,0,0,0,0,0,0,0,0,0,0,0,0,0,0.0,0.0,0.0,0.0,0,False,6
422,55,0,0,0,0,0,0,0,0,0,0,0,0,0,0.0,0.0,0.0,0.0,0,False,6
430,52,11,0,0,0,0,0,0,0,0,0,0,0,3,4.4,1.4,0.0,0.6,1,False,6
431,53,0,0,0,0,0,0,0,0,0,0,0,0,0,0.0,0.0,0.0,0.0,0,False,6
432,53,90,0,0,0,2,0,0,0,1,0,0,0,10,8.0,4.3,8.0,2.0,1,False,6
435,52,1,0,0,0,0,0,0,0,0,0,0,0,2,0.0,0.0,0.0,0.0,1,False,6
438,59,0,0,0,0,0,0,0,0,0,0,0,0,0,0.0,0.0,0.0,0.0,0,False,6
441,55,0,0,0,0,0,0,0,0,0,0,0,0,0,0.0,0.0,0.0,0.0,0,False,6
442,56,85,0,0,0,2,0,0,0,0,0,0,0,13,15.4,14.3,2.0,3.2,2,False,6
443,57,90,0,0,1,0,0,0,0,0,0,0,0,19,17.2,14.3,8.0,4.0,3,False,6
448,56,83,0,0,0,1,0,0,0,0,0,0,0,8,4.8,29.3,10.0,4.4,2,False,6
453,55,61,0,0,1,0,0,0,0,0,0,0,0,5,1.0,0.3,0.0,0.1,3,False,6
456,55,0,0,0,0,0,0,0,0,0,0,0,0,0,0.0,0.0,0.0,0.0,0,False,6
462,53,0,0,0,0,0,0,0,0,0,0,0,0,0,0.0,0.0,0.0,0.0,0,False,6
463,53,90,0,0,0,2,0,0,0,0,0,0,0,0,3.8,16.8,10.0,3.1,2,False,6
465,51,67,0,0,0,1,0,0,0,0,0,0,0,6,20.0,24.0,39.0,8.3,2,False,6
469,51,71,0,0,0,2,0,0,0,0,0,0,0,10,10.4,15.8,4.0,3.0,2,False,6
470,51,0,0,0,0,0,0,0,0,0,0,0,0,0,0.0,0.0,0.0,0.0,0,False,6
472,55,7,0,0,0,0,0,0,0,0,0,0,0,3,0.0,0.0,0.0,0.0,1,False,6
476,59,90,0,1,0,1,0,0,0,0,0,0,0,23,29.4,13.8,3.0,4.6,5,False,6
480,56,0,0,0,0,0,0,0,0,0,0,0,0,0,0.0,0.0,0.0,0.0,0,False,6
482,58,0,0,0,0,0,0,0,0,0,0,0,0,0,0.0,0.0,0.0,0.0,0,False,6
483,58,0,0,0,0,0,0,0,0,0,0,0,0,0,0.0,0.0,0.0,0.0,0,False,6
488,51,90,1,0,0,2,0,0,0,1,0,0,2,30,47.0,61.8,70.0,17.9,8,False,6
489,51,0,0,0,0,0,0,0,0,0,0,0,0,0,0.0,0.0,0.0,0.0,0,False,6
490,51,18,0,0,0,0,0,0,0,0,0,0,0,3,5.0,11.8,12.0,2.9,1,False,6
491,51,84,0,0,0,3,0,0,0,0,0,0,0,14,23.4,1.2,7.0,3.2,2,False,6
492,59,0,0,0,0,0,0,0,0,0,0,0,0,0,0.0,0.0,0.0,0.0,0,False,6
497,55,0,0,0,0,0,0,0,0,0,0,0,0,0,0.0,0.0,0.0,0.0,0,False,6
499,58,0,0,0,0,0,0,0,0,0,0,0,0,0,0.0,0.0,0.0,0.0,0,False,6
500,58,17,0,0,0,0,0,0,0,0,0,0,0,6,8.4,10.2,11.0,3.0,1,False,6
505,59,62,1,0,0,1,0,0,0,1,0,0,0,23,31.0,0.8,17.0,4.9,6,False,6
507,52,90,0,0,0,2,0,0,0,1,0,0,0,9,28.6,0.9,0.0,3.0,1,False,6
508,59,90,0,0,0,3,0,0,0,0,0,0,0,14,19.4,14.9,59.0,9.3,2,False,6
510,54,0,0,0,0,0,0,0,0,0,0,0,0,0,0.0,0.0,0.0,0.0,0,False,6
516,58,69,0,0,1,0,0,0,0,0,0,0,0,13,4.2,15.0,9.0,2.8,3,False,6
517,56,23,0,0,0,0,0,0,0,0,0,0,0,5,5.2,0.7,0.0,0.6,1,False,6
522,55,0,0,0,0,0,0,0,0,0,0,0,0,0,0.0,0.0,0.0,0.0,0,False,6
523,56,0,0,0,0,0,0,0,0,0,0,0,0,0,0.0,0.0,0.0,0.0,0,False,6
524,56,0,0,0,0,0,0,0,0,0,0,0,0,0,0.0,0.0,0.0,0.0,0,False,6
525,57,31,0,0,0,2,0,0,0,0,0,0,0,2,0.8,0.7,0.0,0.2,1,False,6
527,56,0,0,0,0,0,0,0,0,0,0,0,0,0,0.0,0.0,0.0,0.0,0,False,6
528,54,25,0,0,0,0,0,0,0,0,0,0,0,1,3.6,0.7,0.0,0.4,1,False,6
533,53,0,0,0,0,0,0,0,0,0,0,0,0,0,0.0,0.0,0.0,0.0,0,False,6
537,58,90,0,0,1,0,0,0,0,0,0,0,0,10,10.4,24.4,6.0,4.1,3,False,6
539,54,0,0,0,0,0,0,0,0,0,0,0,0,0,0.0,0.0,0.0,0.0,0,False,6
540,58,0,0,0,0,0,0,0,0,0,0,0,0,0,0.0,0.0,0.0,0.0,0,False,6
541,51,45,0,0,0,1,0,0,0,0,0,0,0,8,8.4,15.3,5.0,2.9,1,False,6
11,51,90,1,0,0,2,0,0,0,1,0,0,0,26,34.6,1.6,59.0,9.5,5,False,6
12,51,0,0,0,0,0,0,0,0,0,0,0,0,0,0.0,0.0,0.0,0.0,0,False,6
13,51,0,0,0,0,0,0,0,0,0,0,0,0,0,0.0,0.0,0.0,0.0,0,False,6
26,51,0,0,0,0,0,0,0,0,0,0,0,0,0,0.0,0.0,0.0,0.0,0,False,6
44,58,0,0,0,0,0,0,0,0,0,0,0,0,0,0.0,0.0,0.0,0.0,0,False,6
45,58,0,0,0,0,0,0,0,0,0,0,0,0,0,0.0,0.0,0.0,0.0,0,False,6
46,58,0,0,0,0,0,0,0,0,0,0,0,0,0,0.0,0.0,0.0,0.0,0,False,6
67,59,90,1,0,0,1,0,0,0,0,0,0,1,30,37.8,0.8,21.0,6.0,7,False,6
68,59,90,0,0,0,1,0,0,0,0,0,0,0,2,4.6,3.2,20.0,2.8,2,False,6
69,59,76,0,0,0,1,0,0,0,0,0,0,0,0,2.4,12.4,4.0,1.9,2,False,6
70,55,28,1,0,0,0,0,0,0,0,0,0,0,24,32.0,1.0,19.0,5.2,5,False,6
71,59,0,0,0,0,0,0,0,0,0,0,0,0,0,0.0,0.0,0.0,0.0,0,False,6
90,52,78,0,0,1,0,0,0,0,0,0,0,0,5,0.0,3.0,54.0,5.6,2,False,6
91,52,90,2,0,1,0,0,0,0,0,0,0,3,53,72.6,14.4,111.0,19.8,13,True,6
92,52,0,0,0,0,0,0,0,0,0,0,0,0,0,0.0,0.0,0.0,0.0,0,False,6
110,53,0,0,0,0,0,0,0,0,0,0,0,0,0,0.0,0.0,0.0,0.0,0,False,6
129,54,21,0,0,0,1,0,0,0,0,0,0,0,5,5.8,11.3,19.0,3.6,1,False,6
130,54,0,0,0,0,0,0,0,0,0,0,0,0,0,0.0,0.0,0.0,0.0,0,False,6
146,55,35,0,0,0,1,0,0,0,0,0,0,0,2,2.0,10.0,20.0,3.2,1,False,6
147,55,0,0,0,0,0,0,0,0,0,0,0,0,0,0.0,0.0,0.0,0.0,0,False,6
166,56,90,0,0,0,1,0,0,0,0,0,0,0,0,4.2,11.2,45.0,6.0,2,False,6
167,56,0,0,0,0,0,0,0,0,0,0,0,0,0,0.0,0.0,0.0,0.0,0,False,6
187,53,90,1,0,0,1,0,0,0,0,0,0,3,30,46.2,12.6,58.0,11.7,9,False,6
188,53,0,0,0,0,0,0,0,0,0,0,0,0,0,0.0,0.0,0.0,0.0,0,False,6
210,57,90,1,1,1,0,0,0,0,0,0,0,0,40,53.4,38.1,56.0,14.8,9,False,6
211,57,0,0,0,0,0,0,0,0,0,0,0,0,0,0.0,0.0,0.0,0.0,0,False,6
232,60,0,0,0,0,0,0,0,0,0,0,0,0,0,0.0,0.0,0.0,0.0,0,False,6
233,60,60,0,0,0,1,0,0,0,0,0,0,0,5,4.6,12.5,6.0,2.3,2,False,6
234,60,0,0,0,0,0,0,0,0,0,0,0,0,0,0.0,0.0,0.0,0.0,0,False,6
260,58,0,0,0,0,0,0,0,0,0,0,0,0,0,0.0,0.0,0.0,0.0,0,False,6
261,58,0,0,0,0,0,0,0,0,0,0,0,0,0,0.0,0.0,0.0,0.0,0,False,6
278,52,90,0,0,0,2,0,0,0,0,0,0,0,2,4.0,2.4,44.0,5.0,2,False,6
279,52,0,0,0,0,0,0,0,0,0,0,0,0,0,0.0,0.0,0.0,0.0,0,False,6
298,55,0,0,0,0,0,0,0,0,0,0,0,0,0,0.0,0.0,0.0,0.0,0,False,6
303,55,0,0,0,0,0,0,0,0,0,0,0,0,0,0.0,0.0,0.0,0.0,0,False,6
312,59,0,0,0,0,0,0,0,0,0,0,0,0,0,0.0,0.0,0.0,0.0,0,False,6
313,59,13,0,0,0,1,0,0,0,0,0,0,0,4,1.0,10.3,44.0,5.5,1,False,6
314,59,0,0,0,0,0,0,0,0,0,0,0,0,0,0.0,0.0,0.0,0.0,0,False,6
315,59,0,0,0,0,0,0,0,0,0,0,0,0,0,0.0,0.0,0.0,0.0,0,False,6
316,59,0,0,0,0,0,0,0,0,0,0,0,0,0,0.0,0.0,0.0,0.0,0,False,6
338,56,90,1,0,0,2,0,0,0,0,0,0,2,28,50.4,2.9,86.0,13.9,8,False,6
339,56,0,0,0,0,0,0,0,0,0,0,0,0,0,0.0,0.0,0.0,0.0,0,False,6
362,57,0,0,0,0,0,0,0,0,0,0,0,0,0,0.0,0.0,0.0,0.0,0,False,6
363,57,76,0,0,0,7,0,0,0,1,0,0,0,1,10.4,0.3,41.0,5.2,1,False,6
364,57,13,0,0,0,1,0,0,0,0,0,0,0,3,5.2,10.3,39.0,5.5,1,False,6
365,57,0,0,0,0,0,0,0,0,0,0,0,0,0,0.0,0.0,0.0,0.0,0,False,6
385,60,0,0,0,0,0,0,0,0,0,0,0,0,0,0.0,0.0,0.0,0.0,0,False,6
386,60,0,0,0,0,0,0,0,0,0,0,0,0,0,0.0,0.0,0.0,0.0,0,False,6
387,60,0,0,0,0,0,0,0,0,0,0,0,0,0,0.0,0.0,0.0,0.0,0,False,6
409,54,75,0,0,0,1,0,0,0,0,0,0,0,14,13.2,41.6,27.0,8.2,2,False,6
410,54,90,1,0,0,1,0,0,0,0,0,0,3,25,45.2,18.0,74.0,13.7,9,False,6
428,51,90,1,0,0,3,0,0,0,0,0,0,1,29,36.4,1.1,42.0,8.0,7,False,6
434,52,15,0,0,0,0,0,0,0,0,0,0,0,2,0.0,3.1,2.0,0.5,1,False,6
437,59,76,0,1,0,2,0,0,0,0,0,0,0,17,4.2,23.5,12.0,4.0,5,False,6
451,52,11,0,0,0,0,0,0,0,0,0,0,0,2,1.0,0.8,0.0,0.2,1,False,6
457,60,90,0,0,1,0,0,0,0,0,0,0,0,6,8.4,4.7,8.0,2.1,2,False,6
460,53,76,0,0,0,2,0,0,0,0,0,0,0,-5,1.4,0.8,25.0,2.7,2,False,6
461,53,13,0,0,0,0,0,0,0,0,0,0,0,-3,0.0,0.1,8.0,0.4,1,False,6
464,53,0,0,0,0,0,0,0,0,0,0,0,0,0,0.0,0.0,0.0,0.0,0,False,6
466,58,90,0,0,1,0,0,0,0,0,0,0,0,2,4.6,23.8,35.0,6.3,2,False,6
468,54,68,0,0,1,0,0,0,0,1,0,0,0,-2,2.6,1.8,19.0,2.3,1,False,6
487,54,14,0,0,0,0,0,0,0,0,0,0,0,3,0.2,0.1,0.0,0.0,1,False,6
496,55,90,0,0,0,2,0,0,0,0,0,0,0,2,0.0,18.8,80.0,9.8,2,False,6
501,55,83,0,0,1,0,0,0,0,0,0,0,0,7,5.8,2.6,0.0,0.8,2,False,6
502,58,81,0,0,1,0,0,0,0,0,0,0,0,3,0.0,4.2,95.0,9.9,2,False,6
504,51,0,0,0,0,0,0,0,0,0,0,0,0,0,0.0,0.0,0.0,0.0,0,False,6
509,56,0,0,0,0,0,0,0,0,0,0,0,0,0,0.0,0.0,0.0,0.0,0,False,6
512,57,0,0,0,0,0,0,0,0,0,0,0,0,0,0.0,0.0,0.0,0.0,0,False,6
514,60,0,0,0,0,0,0,0,0,0,0,0,0,0,0.0,0.0,0.0,0.0,0,False,6
520,58,8,0,0,0,0,0,0,0,0,0,0,0,3,4.2,10.6,4.0,1.9,1,False,6
534,58,20,0,0,0,0,0,0,0,0,0,0,0,1,2.0,4.8,18.0,2.5,1,False,6
535,59,0,0,0,0,0,0,0,0,0,0,0,0,0,0.0,0.0,0.0,0.0,0,False,6
538,52,0,0,0,0,0,0,0,0,0,0,0,0,0,0.0,0.0,0.0,0.0,0,False,6
